Workbook
Name DealNoDefault: '184119 - RUBIS - BEIRA-LSK'!$O$5
Name DealNoDefault: '184182-RUBIS-BEIRA-LSK'!$O$5
Name DealNoDefault: '184752 - RUBIS - BEIRA-LSK'!$O$5
Name DealNoDefault: '184834 - RELIANCE - BEIRA-LSK'!$O$5
Name DealNoDefault: '186216-RUBIS-BEIRA-LSK'!$O$5
Name DealNoDefault: '187293-LAKE-BEIRA-LSK'!$O$5
Name DealNoDefault: '187296-RUBIS-BEIRA-LSK'!$O$5
Name DealNoDefault: '189084-RUBIS-BEIRA-LSK'!$O$5
Name DealNoDefault: '190261-LAKE-BEIRA-LSK'!$O$5
Name DealNoDefault: '190664-RUBIS-BEIRA-LSK'!$O$5
Name DealNoDefault: '190778-LAKE-BEIRA-LSK'!$O$5
Name DealNoDefault: '191609-RUBIS-BEIRA-LSK'!$O$5
Name DealNoDefault: '191610-RUBIS-BEIRA-LSK'!$O$5
Name DealNoDefault: TEMPLATE!$O$5
Name DealNoDefault: #REF!
Name LaytimeDefault: '184119 - RUBIS - BEIRA-LSK'!$O$6
Name LaytimeDefault: '184182-RUBIS-BEIRA-LSK'!$O$6
Name LaytimeDefault: '184752 - RUBIS - BEIRA-LSK'!$O$6
Name LaytimeDefault: '184834 - RELIANCE - BEIRA-LSK'!$O$6
Name LaytimeDefault: '186216-RUBIS-BEIRA-LSK'!$O$6
Name LaytimeDefault: '187293-LAKE-BEIRA-LSK'!$O$6
Name LaytimeDefault: '187296-RUBIS-BEIRA-LSK'!$O$6
Name LaytimeDefault: '189084-RUBIS-BEIRA-LSK'!$O$6
Name LaytimeDefault: '190261-LAKE-BEIRA-LSK'!$O$6
Name LaytimeDefault: '190664-RUBIS-BEIRA-LSK'!$O$6
Name LaytimeDefault: '190778-LAKE-BEIRA-LSK'!$O$6
Name LaytimeDefault: '191609-RUBIS-BEIRA-LSK'!$O$6
Name LaytimeDefault: '191610-RUBIS-BEIRA-LSK'!$O$6
Name LaytimeDefault: TEMPLATE!$O$6
Name LaytimeDefault: #REF!
Name RateDefault: '184119 - RUBIS - BEIRA-LSK'!$O$7
Name RateDefault: '184182-RUBIS-BEIRA-LSK'!$O$7
Name RateDefault: '184752 - RUBIS - BEIRA-LSK'!$O$7
Name RateDefault: '184834 - RELIANCE - BEIRA-LSK'!$O$7
Name RateDefault: '186216-RUBIS-BEIRA-LSK'!$O$7
Name RateDefault: '187293-LAKE-BEIRA-LSK'!$O$7
Name RateDefault: '187296-RUBIS-BEIRA-LSK'!$O$7
Name RateDefault: '189084-RUBIS-BEIRA-LSK'!$O$7
Name RateDefault: '190261-LAKE-BEIRA-LSK'!$O$7
Name RateDefault: '190664-RUBIS-BEIRA-LSK'!$O$7
Name RateDefault: '190778-LAKE-BEIRA-LSK'!$O$7
Name RateDefault: '191609-RUBIS-BEIRA-LSK'!$O$7
Name RateDefault: '191610-RUBIS-BEIRA-LSK'!$O$7
Name RateDefault: TEMPLATE!$O$7
Name RateDefault: #REF!

Sheet Deals Master
A2: DEALS MASTER
A4: Central register of all demurrage deals • Laytime and rate defaults are pulled from here automatically
A6: Deal No. | B6: Consignee | C6: Route | D6: Loading Port | E6: Destination | F6: Product | G6: Laytime Allowance (days) | H6: Demurrage Rate (USD/day) | I6: Transportation rate (per m3) | J6: Transporter
A7: 183574 | B7: Rubis Energy Zambia | C7: Beira → Lusaka | D7: Beira | E7: Lusaka | F7: PMS | G7: 2 | H7: 250
A8: 184119 | B8: Rubis Energy Zambia | C8: Beira → Lusaka | D8: Beira | E8: Lusaka | F8: PMS | G8: 2 | H8: 250
A9: 184752 | B9: Rubis Energy Zambia | C9: Beira → Lusaka | D9: Beira | E9: Lusaka | F9: PMS | G9: 2 | H9: 250
A10: 184834 | B10: Reliance Energy Zambia | C10: Beira → Lusaka | D10: Beira | E10: Lusaka | F10: PMS | G10: 2 | H10: 250
A11: 185260 | B11: Rubis Energy Zambia | C11: Beira → Lusaka | D11: Beira | E11: Lusaka | F11: PMS | G11: 2 | H11: 250
A12: 185732 | B12: Rubis Energy Zambia | C12: Beira → Lusaka | D12: Beira | E12: Lusaka | F12: PMS | G12: 2 | H12: 250
A13: 186216 | B13: Rubis Energy Zambia | C13: Beira → Lusaka | D13: Beira | E13: Lusaka | F13: PMS | G13: 2 | H13: 250
A14: 186326 | B14: La Grace De Dieu Avec Nous Sarl | C14: Beira → Lusaka | D14: Beira | E14: Lusaka | F14: PMS | G14: 2 | H14: 250
A15: 187293 | B15: Lake Petroleum Zambia | C15: Beira → Lusaka | D15: Beira | E15: Lusaka | F15: PMS | G15: 2 | H15: 250 | I15: 122 | J15: Truckeaze
A16: 187296 | B16: Rubis Energy Zambia | C16: Beira → Lusaka | D16: Beira | E16: Lusaka | F16: PMS | G16: 2 | H16: 250
A17: 189084 | B17: Rubis Energy Zambia | C17: Beira → Lusaka | D17: Beira | E17: Lusaka | F17: PMS | G17: 2 | H17: 250
A18: 190261 | B18: Lake Petroleum Zambia | C18: Beira → Lusaka | D18: Beira | E18: Lusaka | F18: PMS | G18: 2 | H18: 250
A19: 190664 | B19: Rubis Energy Zambia | C19: Beira → Lusaka | D19: Beira | E19: Lusaka | F19: PMS | G19: 2 | H19: 250
A20: 191609 | B20: Rubis Energy Zambia | C20: Beira → Lusaka | D20: Beira | E20: Lusaka | F20: PMS | G20: 2 | H20: 250
A21: 191610 | B21: Rubis Energy Zambia | C21: Beira → Lusaka | D21: Beira | E21: Lusaka | F21: PMS | G21: 2 | H21: 250
A22: 184182 | B22: Rubis Energy Zambia | C22: Beira → Lusaka | D22: Beira | E22: Lusaka | F22: AGO | G22: 2 | H22: 250
A23: 184663 | B23: Reliance Energy Zambia | C23: Beira → Lusaka | D23: Beira | E23: Lusaka | F23: AGO | G23: 2 | H23: 250
A24: 184978 | B24: Reliance Energy Zambia | C24: Beira → Lusaka | D24: Beira | E24: Lusaka | F24: AGO | G24: 2 | H24: 250
A25: 185350 | B25: ARV Energy | C25: Beira → Lusaka | D25: Beira | E25: Lusaka | F25: AGO | G25: 2 | H25: 250
A26: 189548 | B26: La Grace De Dieu Avec Nous Sarl | C26: Beira → Lusaka | D26: Beira | E26: Lusaka | F26: AGO | G26: 2 | H26: 250
A27: 190666 | B27: Rubis Energy Zambia | C27: Beira → Lusaka | D27: Beira | E27: Lusaka | F27: AGO | G27: 2 | H27: 250
A28: 190778 | B28: Lake Petroleum Zambia | C28: Beira → Lusaka | D28: Beira | E28: Lusaka | F28: AGO | G28: 2 | H28: 250 | I28: 135 | J28: Petroda
A29: 190839 | B29: La Grace De Dieu Avec Nous Sarl | C29: Beira → Lusaka | D29: Beira | E29: Lusaka | F29: AGO | G29: 2 | H29: 250
A30: 191685 | B30: Monaluxe | C30: Beira → Lusaka | D30: Beira | E30: Lusaka | F30: AGO | G30: 2 | H30: 250

Sheet Dashboard
B2: DEMURRAGE DASHBOARD
B5: PORTFOLIO SUMMARY
C6: TOTAL DEMURRAGE | F6: ACTIVE DEALS
C7: =G12 -> 6750 | F7: =COUNTA(DealsMaster[Deal No.]) -> 24
B10: Deal No. | C10: Consignee | D10: Route | E10: Total Trips | F10: In Demurrage | G10: Total Demurrage | H10: Avg / Truck
B11: 184119 | C11: =IFERROR(_xlfn.XLOOKUP(B11,DealsMaster[Deal No.],DealsMaster[Consignee]),"") -> Rubis Energy Zambia | D11: =IFERROR(_xlfn.XLOOKUP(B11,DealsMaster[Deal No.],DealsMaster[Route]),"") -> Beira → Lusaka | E11: =COUNTA('184119 - RUBIS - BEIRA-LSK'!A10:A32)-COUNTBLANK('184119 - RUBIS - BEIRA-LSK'!A10:A32) -> 23 | F11: =COUNTIF('184119 - RUBIS - BEIRA-LSK'!O10:O32,"DEMURRAGE") -> 13 | G11: ='184119 - RUBIS - BEIRA-LSK'!C5 -> 6750 | H11: =IF(E11>0,G11/E11,0) -> 293.47826
D12: TOTAL | E12: =SUM(E11:E11) -> 23 | F12: =SUM(F11:F11) -> 13 | G12: =SUM(G11:G11) -> 6750 | H12: =IF(E12>0,G12/E12,0) -> 293.47826
B14: 💡 Add a row per deal sheet. Duplicate _TEMPLATE for new deals, then add a reference row here.

Sheet 184119 - RUBIS - BEIRA-LSK
A1: #VALUE! | C1: =IF(O5=0,"DEMURRAGE CALCULATION — [ENTER DEAL NO. ABOVE]","DEMURRAGE CALCULATION — "&TEXT(O5,"0")&" - "&UPPER(IFERROR(_xlfn.XLOOKUP(O5,DealsMaster[Deal No.],DealsMaster[Consignee]),""))&" - "&UPPER(IFERROR(_xlfn.XLOOKUP(O5,DealsMaster[Deal No.],DealsMaster[Route]),""))) -> DEMURRAGE CALCULATION — 184119 - RUBIS ENERGY ZAMBIA - BEIRA → LUSAKA
C3: KEY METRICS
C4: TOTAL OWED | F4: # IN DEMURRAGE | N4: DEAL DEFAULTS
C5: =SUM('184119 - RUBIS - BEIRA-LSK'!$P$10:$P$32) -> 6750 | F5: =COUNTIF('184119 - RUBIS - BEIRA-LSK'!$O$10:$O$32,"DEMURRAGE")&" / "&COUNTA('184119 - RUBIS - BEIRA-LSK'!$A$10:$A$32) -> 13 / 23 | N5: Deal No. | O5: 184119
N6: Laytime (days) | O6: =IFERROR(_xlfn.XLOOKUP($O$5,DealsMaster[Deal No.],DealsMaster[Laytime Allowance (days)]),0) -> 2
N7: Rate (USD/day) | O7: =IFERROR(_xlfn.XLOOKUP($O$5,DealsMaster[Deal No.],DealsMaster[Demurrage Rate (USD/day)]),0) -> 250
A9: MOCOH Deal No. | B9: Consignee | C9: Date Loaded | D9: Loading Port | E9: Truck No. | F9: Trailer Reg. | G9: Transporter | H9: Driver Name | I9: Destination | J9: Product | K9: Arrival Date at Offloading | L9: Offloaded Date | M9: Total Waiting Days | N9: Laytime Used (days) | O9: Sanity Check | P9: Total Demurrage to Invoice (USD)
A10: =$O$5 -> 184119 | B10: =IFERROR(_xlfn.XLOOKUP($O$5,DealsMaster[Deal No.],DealsMaster[Consignee]),"") -> Rubis Energy Zambia | D10: =IFERROR(_xlfn.XLOOKUP($O$5,DealsMaster[Deal No.],DealsMaster[Loading Port]),"") -> Beira | E10: AEZ6774 | F10: AEZ6933 | G10: Truckeaze | H10: Charuka Antony Denhere | I10: =IFERROR(_xlfn.XLOOKUP($O$5,DealsMaster[Deal No.],DealsMaster[Destination]),"") -> Lusaka | J10: =IFERROR(_xlfn.XLOOKUP($O$5,DealsMaster[Deal No.],DealsMaster[Product]),"") -> PMS | K10: 46003 | L10: 46004 | M10: =IF(OR(K10="",L10=""),"",L10-K10) -> 1 | N10: =$O$6 -> 2 | O10: =IF(AND(C10<>"",K10<>"",K10<C10),"⚠ Arrival < Loaded",IF(AND(K10<>"",L10<>"",L10<K10),"⚠ Offloaded < Arrival",IF(M10="","",IF(M10>N10,"DEMURRAGE","OK")))) -> OK | P10: =IF(M10="","",MAX(0,M10-N10)*$O$7) -> 0
A11: =$O$5 -> 184119 | B11: =IFERROR(_xlfn.XLOOKUP($O$5,DealsMaster[Deal No.],DealsMaster[Consignee]),"") -> Rubis Energy Zambia | D11: =IFERROR(_xlfn.XLOOKUP($O$5,DealsMaster[Deal No.],DealsMaster[Loading Port]),"") -> Beira | E11: AEZ6774 | F11: AEZ6933 | G11: Truckeaze | H11: Charuka Antony Denhere | I11: =IFERROR(_xlfn.XLOOKUP($O$5,DealsMaster[Deal No.],DealsMaster[Destination]),"") -> Lusaka | J11: =IFERROR(_xlfn.XLOOKUP($O$5,DealsMaster[Deal No.],DealsMaster[Product]),"") -> PMS | K11: 46002 | L11: 46007 | M11: =IF(OR(K11="",L11=""),"",L11-K11) -> 5 | N11: =$O$6 -> 2 | O11: =IF(AND(C11<>"",K11<>"",K11<C11),"⚠ Arrival < Loaded",IF(AND(K11<>"",L11<>"",L11<K11),"⚠ Offloaded < Arrival",IF(M11="","",IF(M11>N11,"DEMURRAGE","OK")))) -> DEMURRAGE | P11: =IF(M11="","",MAX(0,M11-N11)*$O$7) -> 750
A12: =$O$5 -> 184119 | B12: =IFERROR(_xlfn.XLOOKUP($O$5,DealsMaster[Deal No.],DealsMaster[Consignee]),"") -> Rubis Energy Zambia | D12: =IFERROR(_xlfn.XLOOKUP($O$5,DealsMaster[Deal No.],DealsMaster[Loading Port]),"") -> Beira | E12: AEZ6774 | F12: AEZ6933 | G12: Truckeaze | H12: Charuka Antony Denhere | I12: =IFERROR(_xlfn.XLOOKUP($O$5,DealsMaster[Deal No.],DealsMaster[Destination]),"") -> Lusaka | J12: =IFERROR(_xlfn.XLOOKUP($O$5,DealsMaster[Deal No.],DealsMaster[Product]),"") -> PMS | K12: 46003 | L12: 46004 | M12: =IF(OR(K12="",L12=""),"",L12-K12) -> 1 | N12: =$O$6 -> 2 | O12: =IF(AND(C12<>"",K12<>"",K12<C12),"⚠ Arrival < Loaded",IF(AND(K12<>"",L12<>"",L12<K12),"⚠ Offloaded < Arrival",IF(M12="","",IF(M12>N12,"DEMURRAGE","OK")))) -> OK | P12: =IF(M12="","",MAX(0,M12-N12)*$O$7) -> 0
A13: =$O$5 -> 184119 | B13: =IFERROR(_xlfn.XLOOKUP($O$5,DealsMaster[Deal No.],DealsMaster[Consignee]),"") -> Rubis Energy Zambia | D13: =IFERROR(_xlfn.XLOOKUP($O$5,DealsMaster[Deal No.],DealsMaster[Loading Port]),"") -> Beira | E13: AEZ6774 | F13: AEZ6933 | G13: Truckeaze | H13: Charuka Antony Denhere | I13: =IFERROR(_xlfn.XLOOKUP($O$5,DealsMaster[Deal No.],DealsMaster[Destination]),"") -> Lusaka | J13: =IFERROR(_xlfn.XLOOKUP($O$5,DealsMaster[Deal No.],DealsMaster[Product]),"") -> PMS | K13: 46011 | L13: 46015 | M13: =IF(OR(K13="",L13=""),"",L13-K13) -> 4 | N13: =$O$6 -> 2 | O13: =IF(AND(C13<>"",K13<>"",K13<C13),"⚠ Arrival < Loaded",IF(AND(K13<>"",L13<>"",L13<K13),"⚠ Offloaded < Arrival",IF(M13="","",IF(M13>N13,"DEMURRAGE","OK")))) -> DEMURRAGE | P13: =IF(M13="","",MAX(0,M13-N13)*$O$7) -> 500
A14: =$O$5 -> 184119 | B14: =IFERROR(_xlfn.XLOOKUP($O$5,DealsMaster[Deal No.],DealsMaster[Consignee]),"") -> Rubis Energy Zambia | D14: =IFERROR(_xlfn.XLOOKUP($O$5,DealsMaster[Deal No.],DealsMaster[Loading Port]),"") -> Beira | E14: AEZ6774 | F14: AEZ6933 | G14: Truckeaze | H14: Charuka Antony Denhere | I14: =IFERROR(_xlfn.XLOOKUP($O$5,DealsMaster[Deal No.],DealsMaster[Destination]),"") -> Lusaka | J14: =IFERROR(_xlfn.XLOOKUP($O$5,DealsMaster[Deal No.],DealsMaster[Product]),"") -> PMS | K14: 46010 | L14: 46011 | M14: =IF(OR(K14="",L14=""),"",L14-K14) -> 1 | N14: =$O$6 -> 2 | O14: =IF(AND(C14<>"",K14<>"",K14<C14),"⚠ Arrival < Loaded",IF(AND(K14<>"",L14<>"",L14<K14),"⚠ Offloaded < Arrival",IF(M14="","",IF(M14>N14,"DEMURRAGE","OK")))) -> OK | P14: =IF(M14="","",MAX(0,M14-N14)*$O$7) -> 0
A15: =$O$5 -> 184119 | B15: =IFERROR(_xlfn.XLOOKUP($O$5,DealsMaster[Deal No.],DealsMaster[Consignee]),"") -> Rubis Energy Zambia | D15: =IFERROR(_xlfn.XLOOKUP($O$5,DealsMaster[Deal No.],DealsMaster[Loading Port]),"") -> Beira | E15: AEZ6774 | F15: AEZ6933 | G15: Truckeaze | H15: Charuka Antony Denhere | I15: =IFERROR(_xlfn.XLOOKUP($O$5,DealsMaster[Deal No.],DealsMaster[Destination]),"") -> Lusaka | J15: =IFERROR(_xlfn.XLOOKUP($O$5,DealsMaster[Deal No.],DealsMaster[Product]),"") -> PMS | K15: 46002 | L15: 46007 | M15: =IF(OR(K15="",L15=""),"",L15-K15) -> 5 | N15: =$O$6 -> 2 | O15: =IF(AND(C15<>"",K15<>"",K15<C15),"⚠ Arrival < Loaded",IF(AND(K15<>"",L15<>"",L15<K15),"⚠ Offloaded < Arrival",IF(M15="","",IF(M15>N15,"DEMURRAGE","OK")))) -> DEMURRAGE | P15: =IF(M15="","",MAX(0,M15-N15)*$O$7) -> 750
A16: =$O$5 -> 184119 | B16: =IFERROR(_xlfn.XLOOKUP($O$5,DealsMaster[Deal No.],DealsMaster[Consignee]),"") -> Rubis Energy Zambia | D16: =IFERROR(_xlfn.XLOOKUP($O$5,DealsMaster[Deal No.],DealsMaster[Loading Port]),"") -> Beira | E16: AEZ6774 | F16: AEZ6933 | G16: Truckeaze | H16: Charuka Antony Denhere | I16: =IFERROR(_xlfn.XLOOKUP($O$5,DealsMaster[Deal No.],DealsMaster[Destination]),"") -> Lusaka | J16: =IFERROR(_xlfn.XLOOKUP($O$5,DealsMaster[Deal No.],DealsMaster[Product]),"") -> PMS | K16: 46010 | L16: 46011 | M16: =IF(OR(K16="",L16=""),"",L16-K16) -> 1 | N16: =$O$6 -> 2 | O16: =IF(AND(C16<>"",K16<>"",K16<C16),"⚠ Arrival < Loaded",IF(AND(K16<>"",L16<>"",L16<K16),"⚠ Offloaded < Arrival",IF(M16="","",IF(M16>N16,"DEMURRAGE","OK")))) -> OK | P16: =IF(M16="","",MAX(0,M16-N16)*$O$7) -> 0
A17: =$O$5 -> 184119 | B17: =IFERROR(_xlfn.XLOOKUP($O$5,DealsMaster[Deal No.],DealsMaster[Consignee]),"") -> Rubis Energy Zambia | D17: =IFERROR(_xlfn.XLOOKUP($O$5,DealsMaster[Deal No.],DealsMaster[Loading Port]),"") -> Beira | E17: AEZ6774 | F17: AEZ6933 | G17: Truckeaze | H17: Charuka Antony Denhere | I17: =IFERROR(_xlfn.XLOOKUP($O$5,DealsMaster[Deal No.],DealsMaster[Destination]),"") -> Lusaka | J17: =IFERROR(_xlfn.XLOOKUP($O$5,DealsMaster[Deal No.],DealsMaster[Product]),"") -> PMS | K17: 46008 | L17: 46009 | M17: =IF(OR(K17="",L17=""),"",L17-K17) -> 1 | N17: =$O$6 -> 2 | O17: =IF(AND(C17<>"",K17<>"",K17<C17),"⚠ Arrival < Loaded",IF(AND(K17<>"",L17<>"",L17<K17),"⚠ Offloaded < Arrival",IF(M17="","",IF(M17>N17,"DEMURRAGE","OK")))) -> OK | P17: =IF(M17="","",MAX(0,M17-N17)*$O$7) -> 0
A18: =$O$5 -> 184119 | B18: =IFERROR(_xlfn.XLOOKUP($O$5,DealsMaster[Deal No.],DealsMaster[Consignee]),"") -> Rubis Energy Zambia | D18: =IFERROR(_xlfn.XLOOKUP($O$5,DealsMaster[Deal No.],DealsMaster[Loading Port]),"") -> Beira | E18: AEZ6774 | F18: AEZ6933 | G18: Truckeaze | H18: Charuka Antony Denhere | I18: =IFERROR(_xlfn.XLOOKUP($O$5,DealsMaster[Deal No.],DealsMaster[Destination]),"") -> Lusaka | J18: =IFERROR(_xlfn.XLOOKUP($O$5,DealsMaster[Deal No.],DealsMaster[Product]),"") -> PMS | K18: 46002 | L18: 46007 | M18: =IF(OR(K18="",L18=""),"",L18-K18) -> 5 | N18: =$O$6 -> 2 | O18: =IF(AND(C18<>"",K18<>"",K18<C18),"⚠ Arrival < Loaded",IF(AND(K18<>"",L18<>"",L18<K18),"⚠ Offloaded < Arrival",IF(M18="","",IF(M18>N18,"DEMURRAGE","OK")))) -> DEMURRAGE | P18: =IF(M18="","",MAX(0,M18-N18)*$O$7) -> 750
A19: =$O$5 -> 184119 | B19: =IFERROR(_xlfn.XLOOKUP($O$5,DealsMaster[Deal No.],DealsMaster[Consignee]),"") -> Rubis Energy Zambia | D19: =IFERROR(_xlfn.XLOOKUP($O$5,DealsMaster[Deal No.],DealsMaster[Loading Port]),"") -> Beira | E19: AEZ6774 | F19: AEZ6933 | G19: Truckeaze | H19: Charuka Antony Denhere | I19: =IFERROR(_xlfn.XLOOKUP($O$5,DealsMaster[Deal No.],DealsMaster[Destination]),"") -> Lusaka | J19: =IFERROR(_xlfn.XLOOKUP($O$5,DealsMaster[Deal No.],DealsMaster[Product]),"") -> PMS | K19: 46003 | L19: 46004 | M19: =IF(OR(K19="",L19=""),"",L19-K19) -> 1 | N19: =$O$6 -> 2 | O19: =IF(AND(C19<>"",K19<>"",K19<C19),"⚠ Arrival < Loaded",IF(AND(K19<>"",L19<>"",L19<K19),"⚠ Offloaded < Arrival",IF(M19="","",IF(M19>N19,"DEMURRAGE","OK")))) -> OK | P19: =IF(M19="","",MAX(0,M19-N19)*$O$7) -> 0
A20: =$O$5 -> 184119 | B20: =IFERROR(_xlfn.XLOOKUP($O$5,DealsMaster[Deal No.],DealsMaster[Consignee]),"") -> Rubis Energy Zambia | D20: =IFERROR(_xlfn.XLOOKUP($O$5,DealsMaster[Deal No.],DealsMaster[Loading Port]),"") -> Beira | E20: AEZ6774 | F20: AEZ6933 | G20: Truckeaze | H20: Charuka Antony Denhere | I20: =IFERROR(_xlfn.XLOOKUP($O$5,DealsMaster[Deal No.],DealsMaster[Destination]),"") -> Lusaka | J20: =IFERROR(_xlfn.XLOOKUP($O$5,DealsMaster[Deal No.],DealsMaster[Product]),"") -> PMS | K20: 46002 | L20: 46007 | M20: =IF(OR(K20="",L20=""),"",L20-K20) -> 5 | N20: =$O$6 -> 2 | O20: =IF(AND(C20<>"",K20<>"",K20<C20),"⚠ Arrival < Loaded",IF(AND(K20<>"",L20<>"",L20<K20),"⚠ Offloaded < Arrival",IF(M20="","",IF(M20>N20,"DEMURRAGE","OK")))) -> DEMURRAGE | P20: =IF(M20="","",MAX(0,M20-N20)*$O$7) -> 750
A21: =$O$5 -> 184119 | B21: =IFERROR(_xlfn.XLOOKUP($O$5,DealsMaster[Deal No.],DealsMaster[Consignee]),"") -> Rubis Energy Zambia | D21: =IFERROR(_xlfn.XLOOKUP($O$5,DealsMaster[Deal No.],DealsMaster[Loading Port]),"") -> Beira | E21: AEZ6774 | F21: AEZ6933 | G21: Truckeaze | H21: Charuka Antony Denhere | I21: =IFERROR(_xlfn.XLOOKUP($O$5,DealsMaster[Deal No.],DealsMaster[Destination]),"") -> Lusaka | J21: =IFERROR(_xlfn.XLOOKUP($O$5,DealsMaster[Deal No.],DealsMaster[Product]),"") -> PMS | K21: 46002 | L21: 46007 | M21: =IF(OR(K21="",L21=""),"",L21-K21) -> 5 | N21: =$O$6 -> 2 | O21: =IF(AND(C21<>"",K21<>"",K21<C21),"⚠ Arrival < Loaded",IF(AND(K21<>"",L21<>"",L21<K21),"⚠ Offloaded < Arrival",IF(M21="","",IF(M21>N21,"DEMURRAGE","OK")))) -> DEMURRAGE | P21: =IF(M21="","",MAX(0,M21-N21)*$O$7) -> 750
... A32: =$O$5 -> 184119 | B32: =IFERROR(_xlfn.XLOOKUP($O$5,DealsMaster[Deal No.],DealsMaster[Consignee]),"") -> Rubis Energy Zambia | D32: =IFERROR(_xlfn.XLOOKUP($O$5,DealsMaster[Deal No.],DealsMaster[Loading Port]),"") -> Beira | E32: AEZ6774 | F32: AEZ6933 | G32: Truckeaze | H32: Charuka Antony Denhere | I32: =IFERROR(_xlfn.XLOOKUP($O$5,DealsMaster[Deal No.],DealsMaster[Destination]),"") -> Lusaka | J32: =IFERROR(_xlfn.XLOOKUP($O$5,DealsMaster[Deal No.],DealsMaster[Product]),"") -> PMS | K32: 46001 | L32: 46003 | M32: =IF(OR(K32="",L32=""),"",L32-K32) -> 2 | N32: =$O$6 -> 2 | O32: =IF(AND(C32<>"",K32<>"",K32<C32),"⚠ Arrival < Loaded",IF(AND(K32<>"",L32<>"",L32<K32),"⚠ Offloaded < Arrival",IF(M32="","",IF(M32>N32,"DEMURRAGE","OK")))) -> OK | P32: =IF(M32="","",MAX(0,M32-N32)*$O$7) -> 0
A33: TOTAL | P33: =SUBTOTAL(109,P10:P32) -> 6750

Sheet 184752 - RUBIS - BEIRA-LSK
C1: =IF(O5=0,"DEMURRAGE CALCULATION — [ENTER DEAL NO. ABOVE]","DEMURRAGE CALCULATION — "&TEXT(O5,"0")&" - "&UPPER(IFERROR(_xlfn.XLOOKUP(O5,DealsMaster[Deal No.],DealsMaster[Consignee]),""))&" - "&UPPER(IFERROR(_xlfn.XLOOKUP(O5,DealsMaster[Deal No.],DealsMaster[Route]),""))) -> DEMURRAGE CALCULATION — 184752 - RUBIS ENERGY ZAMBIA - BEIRA → LUSAKA
C3: KEY METRICS
C4: TOTAL OWED | F4: # IN DEMURRAGE | N4: DEAL DEFAULTS
C5: =SUM('184752 - RUBIS - BEIRA-LSK'!$P$10:$P$31) -> 5500 | F5: =COUNTIF('184752 - RUBIS - BEIRA-LSK'!$O$10:$O$31,"DEMURRAGE")&" / "&COUNTA('184752 - RUBIS - BEIRA-LSK'!$A$10:$A$31) -> 10 / 22 | N5: Deal No. | O5: 184752
N6: Laytime (days) | O6: =IFERROR(_xlfn.XLOOKUP($O$5,DealsMaster[Deal No.],DealsMaster[Laytime Allowance (days)]),0) -> 2
N7: Rate (USD/day) | O7: =IFERROR(_xlfn.XLOOKUP($O$5,DealsMaster[Deal No.],DealsMaster[Demurrage Rate (USD/day)]),0) -> 250
A8: HOW TO USE: | B8: 1️⃣ Enter Deal No. in the gold box above → 2️⃣ Fill in truck details (columns C–L) row by row → 3️⃣ Demurrage calculates automatically → 4️⃣ Rename the sheet tab when done
A9: MOCOH Deal No. | B9: Consignee | C9: Date Loaded | D9: Loading Port | E9: Truck No. | F9: Trailer Reg. | G9: Transporter | H9: Driver Name | I9: Destination | J9: Product | K9: Arrival Date at Offloading | L9: Offloaded Date | M9: Total Waiting Days | N9: Laytime Used (days) | O9: Sanity Check | P9: Total Demurrage to Invoice (USD)
A10: =$O$5 -> 184752 | B10: =IFERROR(_xlfn.XLOOKUP($O$5,DealsMaster[Deal No.],DealsMaster[Consignee]),"") -> Rubis Energy Zambia | C10: 46006 | D10: =IFERROR(_xlfn.XLOOKUP($O$5,DealsMaster[Deal No.],DealsMaster[Loading Port]),"") -> Beira | E10: AHN 716 MP | F10: AJ 041 MC | G10: WHC | H10: Average Chitengwa | I10: =IFERROR(_xlfn.XLOOKUP($O$5,DealsMaster[Deal No.],DealsMaster[Destination]),"") -> Lusaka | J10: =IFERROR(_xlfn.XLOOKUP($O$5,DealsMaster[Deal No.],DealsMaster[Product]),"") -> PMS | K10: 46011 | L10: 46015 | M10: =IF(OR(K10="",L10=""),"",L10-K10) -> 4 | N10: =$O$6 -> 2 | O10: =IF(AND(C10<>"",K10<>"",K10<C10),"⚠ Arrival < Loaded",IF(AND(K10<>"",L10<>"",L10<K10),"⚠ Offloaded < Arrival",IF(M10="","",IF(M10>N10,"DEMURRAGE","OK")))) -> DEMURRAGE | P10: =IF(M10="","",MAX(0,M10-N10)*$O$7) -> 500
A11: =$O$5 -> 184752 | B11: =IFERROR(_xlfn.XLOOKUP($O$5,DealsMaster[Deal No.],DealsMaster[Consignee]),"") -> Rubis Energy Zambia | C11: 46006 | D11: =IFERROR(_xlfn.XLOOKUP($O$5,DealsMaster[Deal No.],DealsMaster[Loading Port]),"") -> Beira | E11: AFW 378 MP | F11: AE 731 MC | G11: WHC | H11: Kangai Tafirenyika | I11: =IFERROR(_xlfn.XLOOKUP($O$5,DealsMaster[Deal No.],DealsMaster[Destination]),"") -> Lusaka | J11: =IFERROR(_xlfn.XLOOKUP($O$5,DealsMaster[Deal No.],DealsMaster[Product]),"") -> PMS | K11: 46011 | L11: 46015 | M11: =IF(OR(K11="",L11=""),"",L11-K11) -> 4 | N11: =$O$6 -> 2 | O11: =IF(AND(C11<>"",K11<>"",K11<C11),"⚠ Arrival < Loaded",IF(AND(K11<>"",L11<>"",L11<K11),"⚠ Offloaded < Arrival",IF(M11="","",IF(M11>N11,"DEMURRAGE","OK")))) -> DEMURRAGE | P11: =IF(M11="","",MAX(0,M11-N11)*$O$7) -> 500
A12: =$O$5 -> 184752 | B12: =IFERROR(_xlfn.XLOOKUP($O$5,DealsMaster[Deal No.],DealsMaster[Consignee]),"") -> Rubis Energy Zambia | C12: 46006 | D12: =IFERROR(_xlfn.XLOOKUP($O$5,DealsMaster[Deal No.],DealsMaster[Loading Port]),"") -> Beira | E12: AIB 049 MC | F12: AF 715 MC | G12: WHC | H12: Kumirai Krispen | I12: =IFERROR(_xlfn.XLOOKUP($O$5,DealsMaster[Deal No.],DealsMaster[Destination]),"") -> Lusaka | J12: =IFERROR(_xlfn.XLOOKUP($O$5,DealsMaster[Deal No.],DealsMaster[Product]),"") -> PMS | K12: 46011 | L12: 46015 | M12: =IF(OR(K12="",L12=""),"",L12-K12) -> 4 | N12: =$O$6 -> 2 | O12: =IF(AND(C12<>"",K12<>"",K12<C12),"⚠ Arrival < Loaded",IF(AND(K12<>"",L12<>"",L12<K12),"⚠ Offloaded < Arrival",IF(M12="","",IF(M12>N12,"DEMURRAGE","OK")))) -> DEMURRAGE | P12: =IF(M12="","",MAX(0,M12-N12)*$O$7) -> 500
A13: =$O$5 -> 184752 | B13: =IFERROR(_xlfn.XLOOKUP($O$5,DealsMaster[Deal No.],DealsMaster[Consignee]),"") -> Rubis Energy Zambia | C13: 46006 | D13: =IFERROR(_xlfn.XLOOKUP($O$5,DealsMaster[Deal No.],DealsMaster[Loading Port]),"") -> Beira | E13: AGU 496 MP | F13: AF 738 MC | G13: WHC | H13: Nhamo Mukwekwerere | I13: =IFERROR(_xlfn.XLOOKUP($O$5,DealsMaster[Deal No.],DealsMaster[Destination]),"") -> Lusaka | J13: =IFERROR(_xlfn.XLOOKUP($O$5,DealsMaster[Deal No.],DealsMaster[Product]),"") -> PMS | K13: 46011 | L13: 46015 | M13: =IF(OR(K13="",L13=""),"",L13-K13) -> 4 | N13: =$O$6 -> 2 | O13: =IF(AND(C13<>"",K13<>"",K13<C13),"⚠ Arrival < Loaded",IF(AND(K13<>"",L13<>"",L13<K13),"⚠ Offloaded < Arrival",IF(M13="","",IF(M13>N13,"DEMURRAGE","OK")))) -> DEMURRAGE | P13: =IF(M13="","",MAX(0,M13-N13)*$O$7) -> 500
A14: =$O$5 -> 184752 | B14: =IFERROR(_xlfn.XLOOKUP($O$5,DealsMaster[Deal No.],DealsMaster[Consignee]),"") -> Rubis Energy Zambia | C14: 46006 | D14: =IFERROR(_xlfn.XLOOKUP($O$5,DealsMaster[Deal No.],DealsMaster[Loading Port]),"") -> Beira | E14: AJJ 602 MP | F14: AF 699 MC | G14: WHC | H14: Hestings Banda | I14: =IFERROR(_xlfn.XLOOKUP($O$5,DealsMaster[Deal No.],DealsMaster[Destination]),"") -> Lusaka | J14: =IFERROR(_xlfn.XLOOKUP($O$5,DealsMaster[Deal No.],DealsMaster[Product]),"") -> PMS | K14: 46011 | L14: 46015 | M14: =IF(OR(K14="",L14=""),"",L14-K14) -> 4 | N14: =$O$6 -> 2 | O14: =IF(AND(C14<>"",K14<>"",K14<C14),"⚠ Arrival < Loaded",IF(AND(K14<>"",L14<>"",L14<K14),"⚠ Offloaded < Arrival",IF(M14="","",IF(M14>N14,"DEMURRAGE","OK")))) -> DEMURRAGE | P14: =IF(M14="","",MAX(0,M14-N14)*$O$7) -> 500
A15: =$O$5 -> 184752 | B15: =IFERROR(_xlfn.XLOOKUP($O$5,DealsMaster[Deal No.],DealsMaster[Consignee]),"") -> Rubis Energy Zambia | C15: 46006 | D15: =IFERROR(_xlfn.XLOOKUP($O$5,DealsMaster[Deal No.],DealsMaster[Loading Port]),"") -> Beira | E15: AFV 439 MP | F15: AE 760 MC | G15: WHC | H15: Adelino Silira | I15: =IFERROR(_xlfn.XLOOKUP($O$5,DealsMaster[Deal No.],DealsMaster[Destination]),"") -> Lusaka | J15: =IFERROR(_xlfn.XLOOKUP($O$5,DealsMaster[Deal No.],DealsMaster[Product]),"") -> PMS | K15: 46011 | L15: 46015 | M15: =IF(OR(K15="",L15=""),"",L15-K15) -> 4 | N15: =$O$6 -> 2 | O15: =IF(AND(C15<>"",K15<>"",K15<C15),"⚠ Arrival < Loaded",IF(AND(K15<>"",L15<>"",L15<K15),"⚠ Offloaded < Arrival",IF(M15="","",IF(M15>N15,"DEMURRAGE","OK")))) -> DEMURRAGE | P15: =IF(M15="","",MAX(0,M15-N15)*$O$7) -> 500
A16: =$O$5 -> 184752 | B16: =IFERROR(_xlfn.XLOOKUP($O$5,DealsMaster[Deal No.],DealsMaster[Consignee]),"") -> Rubis Energy Zambia | C16: 46021 | D16: =IFERROR(_xlfn.XLOOKUP($O$5,DealsMaster[Deal No.],DealsMaster[Loading Port]),"") -> Beira | E16: AIB 049 MC | F16: AF 715 MC | G16: WHC | H16: Kumirai Krispen | I16: =IFERROR(_xlfn.XLOOKUP($O$5,DealsMaster[Deal No.],DealsMaster[Destination]),"") -> Lusaka | J16: =IFERROR(_xlfn.XLOOKUP($O$5,DealsMaster[Deal No.],DealsMaster[Product]),"") -> PMS | K16: 46030 | L16: 46035 | M16: =IF(OR(K16="",L16=""),"",L16-K16) -> 5 | N16: =$O$6 -> 2 | O16: =IF(AND(C16<>"",K16<>"",K16<C16),"⚠ Arrival < Loaded",IF(AND(K16<>"",L16<>"",L16<K16),"⚠ Offloaded < Arrival",IF(M16="","",IF(M16>N16,"DEMURRAGE","OK")))) -> DEMURRAGE | P16: =IF(M16="","",MAX(0,M16-N16)*$O$7) -> 750
A17: =$O$5 -> 184752 | B17: =IFERROR(_xlfn.XLOOKUP($O$5,DealsMaster[Deal No.],DealsMaster[Consignee]),"") -> Rubis Energy Zambia | C17: 46021 | D17: =IFERROR(_xlfn.XLOOKUP($O$5,DealsMaster[Deal No.],DealsMaster[Loading Port]),"") -> Beira | E17: AFV 439 MP | F17: AE 760 MC | G17: WHC | H17: Adelino Silira | I17: =IFERROR(_xlfn.XLOOKUP($O$5,DealsMaster[Deal No.],DealsMaster[Destination]),"") -> Lusaka | J17: =IFERROR(_xlfn.XLOOKUP($O$5,DealsMaster[Deal No.],DealsMaster[Product]),"") -> PMS | K17: 46030 | L17: 46034 | M17: =IF(OR(K17="",L17=""),"",L17-K17) -> 4 | N17: =$O$6 -> 2 | O17: =IF(AND(C17<>"",K17<>"",K17<C17),"⚠ Arrival < Loaded",IF(AND(K17<>"",L17<>"",L17<K17),"⚠ Offloaded < Arrival",IF(M17="","",IF(M17>N17,"DEMURRAGE","OK")))) -> DEMURRAGE | P17: =IF(M17="","",MAX(0,M17-N17)*$O$7) -> 500
A18: =$O$5 -> 184752 | B18: =IFERROR(_xlfn.XLOOKUP($O$5,DealsMaster[Deal No.],DealsMaster[Consignee]),"") -> Rubis Energy Zambia | C18: 46021 | D18: =IFERROR(_xlfn.XLOOKUP($O$5,DealsMaster[Deal No.],DealsMaster[Loading Port]),"") -> Beira | E18: AIQ 955 MP | F18: AJ 042 MC | G18: WHC | H18: Maxwell Shamu | I18: =IFERROR(_xlfn.XLOOKUP($O$5,DealsMaster[Deal No.],DealsMaster[Destination]),"") -> Lusaka | J18: =IFERROR(_xlfn.XLOOKUP($O$5,DealsMaster[Deal No.],DealsMaster[Product]),"") -> PMS | K18: 46030 | L18: 46035 | M18: =IF(OR(K18="",L18=""),"",L18-K18) -> 5 | N18: =$O$6 -> 2 | O18: =IF(AND(C18<>"",K18<>"",K18<C18),"⚠ Arrival < Loaded",IF(AND(K18<>"",L18<>"",L18<K18),"⚠ Offloaded < Arrival",IF(M18="","",IF(M18>N18,"DEMURRAGE","OK")))) -> DEMURRAGE | P18: =IF(M18="","",MAX(0,M18-N18)*$O$7) -> 750
A19: =$O$5 -> 184752 | B19: =IFERROR(_xlfn.XLOOKUP($O$5,DealsMaster[Deal No.],DealsMaster[Consignee]),"") -> Rubis Energy Zambia | C19: 46021 | D19: =IFERROR(_xlfn.XLOOKUP($O$5,DealsMaster[Deal No.],DealsMaster[Loading Port]),"") -> Beira | E19: AAX 014 SF | F19: AA 475 MC | G19: WHC | H19: Clayton Kamudzeya | I19: =IFERROR(_xlfn.XLOOKUP($O$5,DealsMaster[Deal No.],DealsMaster[Destination]),"") -> Lusaka | J19: =IFERROR(_xlfn.XLOOKUP($O$5,DealsMaster[Deal No.],DealsMaster[Product]),"") -> PMS | K19: 46030 | L19: 46034 | M19: =IF(OR(K19="",L19=""),"",L19-K19) -> 4 | N19: =$O$6 -> 2 | O19: =IF(AND(C19<>"",K19<>"",K19<C19),"⚠ Arrival < Loaded",IF(AND(K19<>"",L19<>"",L19<K19),"⚠ Offloaded < Arrival",IF(M19="","",IF(M19>N19,"DEMURRAGE","OK")))) -> DEMURRAGE | P19: =IF(M19="","",MAX(0,M19-N19)*$O$7) -> 500
A20: =$O$5 -> 184752 | B20: =IFERROR(_xlfn.XLOOKUP($O$5,DealsMaster[Deal No.],DealsMaster[Consignee]),"") -> Rubis Energy Zambia | D20: =IFERROR(_xlfn.XLOOKUP($O$5,DealsMaster[Deal No.],DealsMaster[Loading Port]),"") -> Beira | I20: =IFERROR(_xlfn.XLOOKUP($O$5,DealsMaster[Deal No.],DealsMaster[Destination]),"") -> Lusaka | J20: =IFERROR(_xlfn.XLOOKUP($O$5,DealsMaster[Deal No.],DealsMaster[Product]),"") -> PMS | M20: =IF(OR(K20="",L20=""),"",L20-K20) | N20: =$O$6 -> 2 | O20: =IF(AND(C20<>"",K20<>"",K20<C20),"⚠ Arrival < Loaded",IF(AND(K20<>"",L20<>"",L20<K20),"⚠ Offloaded < Arrival",IF(M20="","",IF(M20>N20,"DEMURRAGE","OK")))) | P20: =IF(M20="","",MAX(0,M20-N20)*$O$7)
A21: =$O$5 -> 184752 | B21: =IFERROR(_xlfn.XLOOKUP($O$5,DealsMaster[Deal No.],DealsMaster[Consignee]),"") -> Rubis Energy Zambia | D21: =IFERROR(_xlfn.XLOOKUP($O$5,DealsMaster[Deal No.],DealsMaster[Loading Port]),"") -> Beira | I21: =IFERROR(_xlfn.XLOOKUP($O$5,DealsMaster[Deal No.],DealsMaster[Destination]),"") -> Lusaka | J21: =IFERROR(_xlfn.XLOOKUP($O$5,DealsMaster[Deal No.],DealsMaster[Product]),"") -> PMS | M21: =IF(OR(K21="",L21=""),"",L21-K21) | N21: =$O$6 -> 2 | O21: =IF(AND(C21<>"",K21<>"",K21<C21),"⚠ Arrival < Loaded",IF(AND(K21<>"",L21<>"",L21<K21),"⚠ Offloaded < Arrival",IF(M21="","",IF(M21>N21,"DEMURRAGE","OK")))) | P21: =IF(M21="","",MAX(0,M21-N21)*$O$7)
A22: =$O$5 -> 184752 | B22: =IFERROR(_xlfn.XLOOKUP($O$5,DealsMaster[Deal No.],DealsMaster[Consignee]),"") -> Rubis Energy Zambia | D22: =IFERROR(_xlfn.XLOOKUP($O$5,DealsMaster[Deal No.],DealsMaster[Loading Port]),"") -> Beira | I22: =IFERROR(_xlfn.XLOOKUP($O$5,DealsMaster[Deal No.],DealsMaster[Destination]),"") -> Lusaka | J22: =IFERROR(_xlfn.XLOOKUP($O$5,DealsMaster[Deal No.],DealsMaster[Product]),"") -> PMS | M22: =IF(OR(K22="",L22=""),"",L22-K22) | N22: =$O$6 -> 2 | O22: =IF(AND(C22<>"",K22<>"",K22<C22),"⚠ Arrival < Loaded",IF(AND(K22<>"",L22<>"",L22<K22),"⚠ Offloaded < Arrival",IF(M22="","",IF(M22>N22,"DEMURRAGE","OK")))) | P22: =IF(M22="","",MAX(0,M22-N22)*$O$7)
A23: =$O$5 -> 184752 | B23: =IFERROR(_xlfn.XLOOKUP($O$5,DealsMaster[Deal No.],DealsMaster[Consignee]),"") -> Rubis Energy Zambia | D23: =IFERROR(_xlfn.XLOOKUP($O$5,DealsMaster[Deal No.],DealsMaster[Loading Port]),"") -> Beira | I23: =IFERROR(_xlfn.XLOOKUP($O$5,DealsMaster[Deal No.],DealsMaster[Destination]),"") -> Lusaka | J23: =IFERROR(_xlfn.XLOOKUP($O$5,DealsMaster[Deal No.],DealsMaster[Product]),"") -> PMS | M23: =IF(OR(K23="",L23=""),"",L23-K23) | N23: =$O$6 -> 2 | O23: =IF(AND(C23<>"",K23<>"",K23<C23),"⚠ Arrival < Loaded",IF(AND(K23<>"",L23<>"",L23<K23),"⚠ Offloaded < Arrival",IF(M23="","",IF(M23>N23,"DEMURRAGE","OK")))) | P23: =IF(M23="","",MAX(0,M23-N23)*$O$7)
A24: =$O$5 -> 184752 | B24: =IFERROR(_xlfn.XLOOKUP($O$5,DealsMaster[Deal No.],DealsMaster[Consignee]),"") -> Rubis Energy Zambia | D24: =IFERROR(_xlfn.XLOOKUP($O$5,DealsMaster[Deal No.],DealsMaster[Loading Port]),"") -> Beira | I24: =IFERROR(_xlfn.XLOOKUP($O$5,DealsMaster[Deal No.],DealsMaster[Destination]),"") -> Lusaka | J24: =IFERROR(_xlfn.XLOOKUP($O$5,DealsMaster[Deal No.],DealsMaster[Product]),"") -> PMS | M24: =IF(OR(K24="",L24=""),"",L24-K24) | N24: =$O$6 -> 2 | O24: =IF(AND(C24<>"",K24<>"",K24<C24),"⚠ Arrival < Loaded",IF(AND(K24<>"",L24<>"",L24<K24),"⚠ Offloaded < Arrival",IF(M24="","",IF(M24>N24,"DEMURRAGE","OK")))) | P24: =IF(M24="","",MAX(0,M24-N24)*$O$7)
A25: =$O$5 -> 184752 | B25: =IFERROR(_xlfn.XLOOKUP($O$5,DealsMaster[Deal No.],DealsMaster[Consignee]),"") -> Rubis Energy Zambia | D25: =IFERROR(_xlfn.XLOOKUP($O$5,DealsMaster[Deal No.],DealsMaster[Loading Port]),"") -> Beira | I25: =IFERROR(_xlfn.XLOOKUP($O$5,DealsMaster[Deal No.],DealsMaster[Destination]),"") -> Lusaka | J25: =IFERROR(_xlfn.XLOOKUP($O$5,DealsMaster[Deal No.],DealsMaster[Product]),"") -> PMS | M25: =IF(OR(K25="",L25=""),"",L25-K25) | N25: =$O$6 -> 2 | O25: =IF(AND(C25<>"",K25<>"",K25<C25),"⚠ Arrival < Loaded",IF(AND(K25<>"",L25<>"",L25<K25),"⚠ Offloaded < Arrival",IF(M25="","",IF(M25>N25,"DEMURRAGE","OK")))) | P25: =IF(M25="","",MAX(0,M25-N25)*$O$7)
A26: =$O$5 -> 184752 | B26: =IFERROR(_xlfn.XLOOKUP($O$5,DealsMaster[Deal No.],DealsMaster[Consignee]),"") -> Rubis Energy Zambia | D26: =IFERROR(_xlfn.XLOOKUP($O$5,DealsMaster[Deal No.],DealsMaster[Loading Port]),"") -> Beira | I26: =IFERROR(_xlfn.XLOOKUP($O$5,DealsMaster[Deal No.],DealsMaster[Destination]),"") -> Lusaka | J26: =IFERROR(_xlfn.XLOOKUP($O$5,DealsMaster[Deal No.],DealsMaster[Product]),"") -> PMS | M26: =IF(OR(K26="",L26=""),"",L26-K26) | N26: =$O$6 -> 2 | O26: =IF(AND(C26<>"",K26<>"",K26<C26),"⚠ Arrival < Loaded",IF(AND(K26<>"",L26<>"",L26<K26),"⚠ Offloaded < Arrival",IF(M26="","",IF(M26>N26,"DEMURRAGE","OK")))) | P26: =IF(M26="","",MAX(0,M26-N26)*$O$7)
A27: =$O$5 -> 184752 | B27: =IFERROR(_xlfn.XLOOKUP($O$5,DealsMaster[Deal No.],DealsMaster[Consignee]),"") -> Rubis Energy Zambia | D27: =IFERROR(_xlfn.XLOOKUP($O$5,DealsMaster[Deal No.],DealsMaster[Loading Port]),"") -> Beira | I27: =IFERROR(_xlfn.XLOOKUP($O$5,DealsMaster[Deal No.],DealsMaster[Destination]),"") -> Lusaka | J27: =IFERROR(_xlfn.XLOOKUP($O$5,DealsMaster[Deal No.],DealsMaster[Product]),"") -> PMS | M27: =IF(OR(K27="",L27=""),"",L27-K27) | N27: =$O$6 -> 2 | O27: =IF(AND(C27<>"",K27<>"",K27<C27),"⚠ Arrival < Loaded",IF(AND(K27<>"",L27<>"",L27<K27),"⚠ Offloaded < Arrival",IF(M27="","",IF(M27>N27,"DEMURRAGE","OK")))) | P27: =IF(M27="","",MAX(0,M27-N27)*$O$7)
A28: =$O$5 -> 184752 | B28: =IFERROR(_xlfn.XLOOKUP($O$5,DealsMaster[Deal No.],DealsMaster[Consignee]),"") -> Rubis Energy Zambia | D28: =IFERROR(_xlfn.XLOOKUP($O$5,DealsMaster[Deal No.],DealsMaster[Loading Port]),"") -> Beira | I28: =IFERROR(_xlfn.XLOOKUP($O$5,DealsMaster[Deal No.],DealsMaster[Destination]),"") -> Lusaka | J28: =IFERROR(_xlfn.XLOOKUP($O$5,DealsMaster[Deal No.],DealsMaster[Product]),"") -> PMS | M28: =IF(OR(K28="",L28=""),"",L28-K28) | N28: =$O$6 -> 2 | O28: =IF(AND(C28<>"",K28<>"",K28<C28),"⚠ Arrival < Loaded",IF(AND(K28<>"",L28<>"",L28<K28),"⚠ Offloaded < Arrival",IF(M28="","",IF(M28>N28,"DEMURRAGE","OK")))) | P28: =IF(M28="","",MAX(0,M28-N28)*$O$7)
A29: =$O$5 -> 184752 | B29: =IFERROR(_xlfn.XLOOKUP($O$5,DealsMaster[Deal No.],DealsMaster[Consignee]),"") -> Rubis Energy Zambia | D29: =IFERROR(_xlfn.XLOOKUP($O$5,DealsMaster[Deal No.],DealsMaster[Loading Port]),"") -> Beira | I29: =IFERROR(_xlfn.XLOOKUP($O$5,DealsMaster[Deal No.],DealsMaster[Destination]),"") -> Lusaka | J29: =IFERROR(_xlfn.XLOOKUP($O$5,DealsMaster[Deal No.],DealsMaster[Product]),"") -> PMS | M29: =IF(OR(K29="",L29=""),"",L29-K29) | N29: =$O$6 -> 2 | O29: =IF(AND(C29<>"",K29<>"",K29<C29),"⚠ Arrival < Loaded",IF(AND(K29<>"",L29<>"",L29<K29),"⚠ Offloaded < Arrival",IF(M29="","",IF(M29>N29,"DEMURRAGE","OK")))) | P29: =IF(M29="","",MAX(0,M29-N29)*$O$7)
A30: =$O$5 -> 184752 | B30: =IFERROR(_xlfn.XLOOKUP($O$5,DealsMaster[Deal No.],DealsMaster[Consignee]),"") -> Rubis Energy Zambia | D30: =IFERROR(_xlfn.XLOOKUP($O$5,DealsMaster[Deal No.],DealsMaster[Loading Port]),"") -> Beira | I30: =IFERROR(_xlfn.XLOOKUP($O$5,DealsMaster[Deal No.],DealsMaster[Destination]),"") -> Lusaka | J30: =IFERROR(_xlfn.XLOOKUP($O$5,DealsMaster[Deal No.],DealsMaster[Product]),"") -> PMS | M30: =IF(OR(K30="",L30=""),"",L30-K30) | N30: =$O$6 -> 2 | O30: =IF(AND(C30<>"",K30<>"",K30<C30),"⚠ Arrival < Loaded",IF(AND(K30<>"",L30<>"",L30<K30),"⚠ Offloaded < Arrival",IF(M30="","",IF(M30>N30,"DEMURRAGE","OK")))) | P30: =IF(M30="","",MAX(0,M30-N30)*$O$7)
A31: =$O$5 -> 184752 | B31: =IFERROR(_xlfn.XLOOKUP($O$5,DealsMaster[Deal No.],DealsMaster[Consignee]),"") -> Rubis Energy Zambia | D31: =IFERROR(_xlfn.XLOOKUP($O$5,DealsMaster[Deal No.],DealsMaster[Loading Port]),"") -> Beira | I31: =IFERROR(_xlfn.XLOOKUP($O$5,DealsMaster[Deal No.],DealsMaster[Destination]),"") -> Lusaka | J31: =IFERROR(_xlfn.XLOOKUP($O$5,DealsMaster[Deal No.],DealsMaster[Product]),"") -> PMS | M31: =IF(OR(K31="",L31=""),"",L31-K31) | N31: =$O$6 -> 2 | O31: =IF(AND(C31<>"",K31<>"",K31<C31),"⚠ Arrival < Loaded",IF(AND(K31<>"",L31<>"",L31<K31),"⚠ Offloaded < Arrival",IF(M31="","",IF(M31>N31,"DEMURRAGE","OK")))) | P31: =IF(M31="","",MAX(0,M31-N31)*$O$7)
A32: TOTAL | P32: =SUBTOTAL(109,P10:P31) -> 5500

Sheet 184834 - RELIANCE - BEIRA-LSK
C1: =IF(O5=0,"DEMURRAGE CALCULATION — [ENTER DEAL NO. ABOVE]","DEMURRAGE CALCULATION — "&TEXT(O5,"0")&" - "&UPPER(IFERROR(_xlfn.XLOOKUP(O5,DealsMaster[Deal No.],DealsMaster[Consignee]),""))&" - "&UPPER(IFERROR(_xlfn.XLOOKUP(O5,DealsMaster[Deal No.],DealsMaster[Route]),""))) -> DEMURRAGE CALCULATION — 184834 - RELIANCE ENERGY ZAMBIA - BEIRA → LUSAKA
C3: KEY METRICS
C4: TOTAL OWED | F4: # IN DEMURRAGE | N4: DEAL DEFAULTS
C5: =SUM('184834 - RELIANCE - BEIRA-LSK'!$P$10:$P$31) -> 0 | F5: =COUNTIF('184834 - RELIANCE - BEIRA-LSK'!$O$10:$O$31,"DEMURRAGE")&" / "&COUNTA('184834 - RELIANCE - BEIRA-LSK'!$A$10:$A$31) -> 0 / 22 | N5: Deal No. | O5: 184834
N6: Laytime (days) | O6: =IFERROR(_xlfn.XLOOKUP($O$5,DealsMaster[Deal No.],DealsMaster[Laytime Allowance (days)]),0) -> 2
N7: Rate (USD/day) | O7: =IFERROR(_xlfn.XLOOKUP($O$5,DealsMaster[Deal No.],DealsMaster[Demurrage Rate (USD/day)]),0) -> 250
A8: HOW TO USE: | B8: 1️⃣ Enter Deal No. in the gold box above → 2️⃣ Fill in truck details (columns C–L) row by row → 3️⃣ Demurrage calculates automatically → 4️⃣ Rename the sheet tab when done
A9: MOCOH Deal No. | B9: Consignee | C9: Date Loaded | D9: Loading Port | E9: Truck No. | F9: Trailer Reg. | G9: Transporter | H9: Driver Name | I9: Destination | J9: Product | K9: Arrival Date at Offloading | L9: Offloaded Date | M9: Total Waiting Days | N9: Laytime Used (days) | O9: Sanity Check | P9: Total Demurrage to Invoice (USD)
A10: =$O$5 -> 184834 | B10: =IFERROR(_xlfn.XLOOKUP($O$5,DealsMaster[Deal No.],DealsMaster[Consignee]),"") -> Reliance Energy Zambia | C10: 46011 | D10: =IFERROR(_xlfn.XLOOKUP($O$5,DealsMaster[Deal No.],DealsMaster[Loading Port]),"") -> Beira | E10: AKO080MC | F10: AH456MC | G10: PETRODA | H10: FERNANDO ULISSONE FERNANDO MATANDIRE | I10: =IFERROR(_xlfn.XLOOKUP($O$5,DealsMaster[Deal No.],DealsMaster[Destination]),"") -> Lusaka | J10: =IFERROR(_xlfn.XLOOKUP($O$5,DealsMaster[Deal No.],DealsMaster[Product]),"") -> PMS | K10: 46016 | L10: 46017 | M10: =IF(OR(K10="",L10=""),"",L10-K10) -> 1 | N10: =$O$6 -> 2 | O10: =IF(AND(C10<>"",K10<>"",K10<C10),"⚠ Arrival < Loaded",IF(AND(K10<>"",L10<>"",L10<K10),"⚠ Offloaded < Arrival",IF(M10="","",IF(M10>N10,"DEMURRAGE","OK")))) -> OK | P10: =IF(M10="","",MAX(0,M10-N10)*$O$7) -> 0
A11: =$O$5 -> 184834 | B11: =IFERROR(_xlfn.XLOOKUP($O$5,DealsMaster[Deal No.],DealsMaster[Consignee]),"") -> Reliance Energy Zambia | C11: 46011 | D11: =IFERROR(_xlfn.XLOOKUP($O$5,DealsMaster[Deal No.],DealsMaster[Loading Port]),"") -> Beira | E11: AKN021MC | F11: AH430MC | G11: PETRODA | H11: CHICONDI RAIMUNDO TEMBO | I11: =IFERROR(_xlfn.XLOOKUP($O$5,DealsMaster[Deal No.],DealsMaster[Destination]),"") -> Lusaka | J11: =IFERROR(_xlfn.XLOOKUP($O$5,DealsMaster[Deal No.],DealsMaster[Product]),"") -> PMS | K11: 46016 | L11: 46017 | M11: =IF(OR(K11="",L11=""),"",L11-K11) -> 1 | N11: =$O$6 -> 2 | O11: =IF(AND(C11<>"",K11<>"",K11<C11),"⚠ Arrival < Loaded",IF(AND(K11<>"",L11<>"",L11<K11),"⚠ Offloaded < Arrival",IF(M11="","",IF(M11>N11,"DEMURRAGE","OK")))) -> OK | P11: =IF(M11="","",MAX(0,M11-N11)*$O$7) -> 0
A12: =$O$5 -> 184834 | B12: =IFERROR(_xlfn.XLOOKUP($O$5,DealsMaster[Deal No.],DealsMaster[Consignee]),"") -> Reliance Energy Zambia | C12: 46011 | D12: =IFERROR(_xlfn.XLOOKUP($O$5,DealsMaster[Deal No.],DealsMaster[Loading Port]),"") -> Beira | E12: AK0101MC | F12: AH451MC | G12: PETRODA | H12: PEREIRA FERNANDO ARGOLA | I12: =IFERROR(_xlfn.XLOOKUP($O$5,DealsMaster[Deal No.],DealsMaster[Destination]),"") -> Lusaka | J12: =IFERROR(_xlfn.XLOOKUP($O$5,DealsMaster[Deal No.],DealsMaster[Product]),"") -> PMS | K12: 46015 | L12: 46015 | M12: =IF(OR(K12="",L12=""),"",L12-K12) -> 0 | N12: =$O$6 -> 2 | O12: =IF(AND(C12<>"",K12<>"",K12<C12),"⚠ Arrival < Loaded",IF(AND(K12<>"",L12<>"",L12<K12),"⚠ Offloaded < Arrival",IF(M12="","",IF(M12>N12,"DEMURRAGE","OK")))) -> OK | P12: =IF(M12="","",MAX(0,M12-N12)*$O$7) -> 0
A13: =$O$5 -> 184834 | B13: =IFERROR(_xlfn.XLOOKUP($O$5,DealsMaster[Deal No.],DealsMaster[Consignee]),"") -> Reliance Energy Zambia | C13: 46011 | D13: =IFERROR(_xlfn.XLOOKUP($O$5,DealsMaster[Deal No.],DealsMaster[Loading Port]),"") -> Beira | E13: AKN812MC | F13: AH439MC | G13: PETRODA | H13: MOISES BACALEUANE ARROZ | I13: =IFERROR(_xlfn.XLOOKUP($O$5,DealsMaster[Deal No.],DealsMaster[Destination]),"") -> Lusaka | J13: =IFERROR(_xlfn.XLOOKUP($O$5,DealsMaster[Deal No.],DealsMaster[Product]),"") -> PMS | K13: 46015 | L13: 46015 | M13: =IF(OR(K13="",L13=""),"",L13-K13) -> 0 | N13: =$O$6 -> 2 | O13: =IF(AND(C13<>"",K13<>"",K13<C13),"⚠ Arrival < Loaded",IF(AND(K13<>"",L13<>"",L13<K13),"⚠ Offloaded < Arrival",IF(M13="","",IF(M13>N13,"DEMURRAGE","OK")))) -> OK | P13: =IF(M13="","",MAX(0,M13-N13)*$O$7) -> 0
A14: =$O$5 -> 184834 | B14: =IFERROR(_xlfn.XLOOKUP($O$5,DealsMaster[Deal No.],DealsMaster[Consignee]),"") -> Reliance Energy Zambia | D14: =IFERROR(_xlfn.XLOOKUP($O$5,DealsMaster[Deal No.],DealsMaster[Loading Port]),"") -> Beira | I14: =IFERROR(_xlfn.XLOOKUP($O$5,DealsMaster[Deal No.],DealsMaster[Destination]),"") -> Lusaka | J14: =IFERROR(_xlfn.XLOOKUP($O$5,DealsMaster[Deal No.],DealsMaster[Product]),"") -> PMS | M14: =IF(OR(K14="",L14=""),"",L14-K14) | N14: =$O$6 -> 2 | O14: =IF(AND(C14<>"",K14<>"",K14<C14),"⚠ Arrival < Loaded",IF(AND(K14<>"",L14<>"",L14<K14),"⚠ Offloaded < Arrival",IF(M14="","",IF(M14>N14,"DEMURRAGE","OK")))) | P14: =IF(M14="","",MAX(0,M14-N14)*$O$7)
A15: =$O$5 -> 184834 | B15: =IFERROR(_xlfn.XLOOKUP($O$5,DealsMaster[Deal No.],DealsMaster[Consignee]),"") -> Reliance Energy Zambia | D15: =IFERROR(_xlfn.XLOOKUP($O$5,DealsMaster[Deal No.],DealsMaster[Loading Port]),"") -> Beira | I15: =IFERROR(_xlfn.XLOOKUP($O$5,DealsMaster[Deal No.],DealsMaster[Destination]),"") -> Lusaka | J15: =IFERROR(_xlfn.XLOOKUP($O$5,DealsMaster[Deal No.],DealsMaster[Product]),"") -> PMS | M15: =IF(OR(K15="",L15=""),"",L15-K15) | N15: =$O$6 -> 2 | O15: =IF(AND(C15<>"",K15<>"",K15<C15),"⚠ Arrival < Loaded",IF(AND(K15<>"",L15<>"",L15<K15),"⚠ Offloaded < Arrival",IF(M15="","",IF(M15>N15,"DEMURRAGE","OK")))) | P15: =IF(M15="","",MAX(0,M15-N15)*$O$7)
A16: =$O$5 -> 184834 | B16: =IFERROR(_xlfn.XLOOKUP($O$5,DealsMaster[Deal No.],DealsMaster[Consignee]),"") -> Reliance Energy Zambia | D16: =IFERROR(_xlfn.XLOOKUP($O$5,DealsMaster[Deal No.],DealsMaster[Loading Port]),"") -> Beira | I16: =IFERROR(_xlfn.XLOOKUP($O$5,DealsMaster[Deal No.],DealsMaster[Destination]),"") -> Lusaka | J16: =IFERROR(_xlfn.XLOOKUP($O$5,DealsMaster[Deal No.],DealsMaster[Product]),"") -> PMS | M16: =IF(OR(K16="",L16=""),"",L16-K16) | N16: =$O$6 -> 2 | O16: =IF(AND(C16<>"",K16<>"",K16<C16),"⚠ Arrival < Loaded",IF(AND(K16<>"",L16<>"",L16<K16),"⚠ Offloaded < Arrival",IF(M16="","",IF(M16>N16,"DEMURRAGE","OK")))) | P16: =IF(M16="","",MAX(0,M16-N16)*$O$7)
A17: =$O$5 -> 184834 | B17: =IFERROR(_xlfn.XLOOKUP($O$5,DealsMaster[Deal No.],DealsMaster[Consignee]),"") -> Reliance Energy Zambia | D17: =IFERROR(_xlfn.XLOOKUP($O$5,DealsMaster[Deal No.],DealsMaster[Loading Port]),"") -> Beira | I17: =IFERROR(_xlfn.XLOOKUP($O$5,DealsMaster[Deal No.],DealsMaster[Destination]),"") -> Lusaka | J17: =IFERROR(_xlfn.XLOOKUP($O$5,DealsMaster[Deal No.],DealsMaster[Product]),"") -> PMS | M17: =IF(OR(K17="",L17=""),"",L17-K17) | N17: =$O$6 -> 2 | O17: =IF(AND(C17<>"",K17<>"",K17<C17),"⚠ Arrival < Loaded",IF(AND(K17<>"",L17<>"",L17<K17),"⚠ Offloaded < Arrival",IF(M17="","",IF(M17>N17,"DEMURRAGE","OK")))) | P17: =IF(M17="","",MAX(0,M17-N17)*$O$7)
A18: =$O$5 -> 184834 | B18: =IFERROR(_xlfn.XLOOKUP($O$5,DealsMaster[Deal No.],DealsMaster[Consignee]),"") -> Reliance Energy Zambia | D18: =IFERROR(_xlfn.XLOOKUP($O$5,DealsMaster[Deal No.],DealsMaster[Loading Port]),"") -> Beira | I18: =IFERROR(_xlfn.XLOOKUP($O$5,DealsMaster[Deal No.],DealsMaster[Destination]),"") -> Lusaka | J18: =IFERROR(_xlfn.XLOOKUP($O$5,DealsMaster[Deal No.],DealsMaster[Product]),"") -> PMS | M18: =IF(OR(K18="",L18=""),"",L18-K18) | N18: =$O$6 -> 2 | O18: =IF(AND(C18<>"",K18<>"",K18<C18),"⚠ Arrival < Loaded",IF(AND(K18<>"",L18<>"",L18<K18),"⚠ Offloaded < Arrival",IF(M18="","",IF(M18>N18,"DEMURRAGE","OK")))) | P18: =IF(M18="","",MAX(0,M18-N18)*$O$7)
A19: =$O$5 -> 184834 | B19: =IFERROR(_xlfn.XLOOKUP($O$5,DealsMaster[Deal No.],DealsMaster[Consignee]),"") -> Reliance Energy Zambia | D19: =IFERROR(_xlfn.XLOOKUP($O$5,DealsMaster[Deal No.],DealsMaster[Loading Port]),"") -> Beira | I19: =IFERROR(_xlfn.XLOOKUP($O$5,DealsMaster[Deal No.],DealsMaster[Destination]),"") -> Lusaka | J19: =IFERROR(_xlfn.XLOOKUP($O$5,DealsMaster[Deal No.],DealsMaster[Product]),"") -> PMS | M19: =IF(OR(K19="",L19=""),"",L19-K19) | N19: =$O$6 -> 2 | O19: =IF(AND(C19<>"",K19<>"",K19<C19),"⚠ Arrival < Loaded",IF(AND(K19<>"",L19<>"",L19<K19),"⚠ Offloaded < Arrival",IF(M19="","",IF(M19>N19,"DEMURRAGE","OK")))) | P19: =IF(M19="","",MAX(0,M19-N19)*$O$7)
A20: =$O$5 -> 184834 | B20: =IFERROR(_xlfn.XLOOKUP($O$5,DealsMaster[Deal No.],DealsMaster[Consignee]),"") -> Reliance Energy Zambia | D20: =IFERROR(_xlfn.XLOOKUP($O$5,DealsMaster[Deal No.],DealsMaster[Loading Port]),"") -> Beira | I20: =IFERROR(_xlfn.XLOOKUP($O$5,DealsMaster[Deal No.],DealsMaster[Destination]),"") -> Lusaka | J20: =IFERROR(_xlfn.XLOOKUP($O$5,DealsMaster[Deal No.],DealsMaster[Product]),"") -> PMS | M20: =IF(OR(K20="",L20=""),"",L20-K20) | N20: =$O$6 -> 2 | O20: =IF(AND(C20<>"",K20<>"",K20<C20),"⚠ Arrival < Loaded",IF(AND(K20<>"",L20<>"",L20<K20),"⚠ Offloaded < Arrival",IF(M20="","",IF(M20>N20,"DEMURRAGE","OK")))) | P20: =IF(M20="","",MAX(0,M20-N20)*$O$7)
A21: =$O$5 -> 184834 | B21: =IFERROR(_xlfn.XLOOKUP($O$5,DealsMaster[Deal No.],DealsMaster[Consignee]),"") -> Reliance Energy Zambia | D21: =IFERROR(_xlfn.XLOOKUP($O$5,DealsMaster[Deal No.],DealsMaster[Loading Port]),"") -> Beira | I21: =IFERROR(_xlfn.XLOOKUP($O$5,DealsMaster[Deal No.],DealsMaster[Destination]),"") -> Lusaka | J21: =IFERROR(_xlfn.XLOOKUP($O$5,DealsMaster[Deal No.],DealsMaster[Product]),"") -> PMS | M21: =IF(OR(K21="",L21=""),"",L21-K21) | N21: =$O$6 -> 2 | O21: =IF(AND(C21<>"",K21<>"",K21<C21),"⚠ Arrival < Loaded",IF(AND(K21<>"",L21<>"",L21<K21),"⚠ Offloaded < Arrival",IF(M21="","",IF(M21>N21,"DEMURRAGE","OK")))) | P21: =IF(M21="","",MAX(0,M21-N21)*$O$7)
A22: =$O$5 -> 184834 | B22: =IFERROR(_xlfn.XLOOKUP($O$5,DealsMaster[Deal No.],DealsMaster[Consignee]),"") -> Reliance Energy Zambia | D22: =IFERROR(_xlfn.XLOOKUP($O$5,DealsMaster[Deal No.],DealsMaster[Loading Port]),"") -> Beira | I22: =IFERROR(_xlfn.XLOOKUP($O$5,DealsMaster[Deal No.],DealsMaster[Destination]),"") -> Lusaka | J22: =IFERROR(_xlfn.XLOOKUP($O$5,DealsMaster[Deal No.],DealsMaster[Product]),"") -> PMS | M22: =IF(OR(K22="",L22=""),"",L22-K22) | N22: =$O$6 -> 2 | O22: =IF(AND(C22<>"",K22<>"",K22<C22),"⚠ Arrival < Loaded",IF(AND(K22<>"",L22<>"",L22<K22),"⚠ Offloaded < Arrival",IF(M22="","",IF(M22>N22,"DEMURRAGE","OK")))) | P22: =IF(M22="","",MAX(0,M22-N22)*$O$7)
A23: =$O$5 -> 184834 | B23: =IFERROR(_xlfn.XLOOKUP($O$5,DealsMaster[Deal No.],DealsMaster[Consignee]),"") -> Reliance Energy Zambia | D23: =IFERROR(_xlfn.XLOOKUP($O$5,DealsMaster[Deal No.],DealsMaster[Loading Port]),"") -> Beira | I23: =IFERROR(_xlfn.XLOOKUP($O$5,DealsMaster[Deal No.],DealsMaster[Destination]),"") -> Lusaka | J23: =IFERROR(_xlfn.XLOOKUP($O$5,DealsMaster[Deal No.],DealsMaster[Product]),"") -> PMS | M23: =IF(OR(K23="",L23=""),"",L23-K23) | N23: =$O$6 -> 2 | O23: =IF(AND(C23<>"",K23<>"",K23<C23),"⚠ Arrival < Loaded",IF(AND(K23<>"",L23<>"",L23<K23),"⚠ Offloaded < Arrival",IF(M23="","",IF(M23>N23,"DEMURRAGE","OK")))) | P23: =IF(M23="","",MAX(0,M23-N23)*$O$7)
A24: =$O$5 -> 184834 | B24: =IFERROR(_xlfn.XLOOKUP($O$5,DealsMaster[Deal No.],DealsMaster[Consignee]),"") -> Reliance Energy Zambia | D24: =IFERROR(_xlfn.XLOOKUP($O$5,DealsMaster[Deal No.],DealsMaster[Loading Port]),"") -> Beira | I24: =IFERROR(_xlfn.XLOOKUP($O$5,DealsMaster[Deal No.],DealsMaster[Destination]),"") -> Lusaka | J24: =IFERROR(_xlfn.XLOOKUP($O$5,DealsMaster[Deal No.],DealsMaster[Product]),"") -> PMS | M24: =IF(OR(K24="",L24=""),"",L24-K24) | N24: =$O$6 -> 2 | O24: =IF(AND(C24<>"",K24<>"",K24<C24),"⚠ Arrival < Loaded",IF(AND(K24<>"",L24<>"",L24<K24),"⚠ Offloaded < Arrival",IF(M24="","",IF(M24>N24,"DEMURRAGE","OK")))) | P24: =IF(M24="","",MAX(0,M24-N24)*$O$7)
A25: =$O$5 -> 184834 | B25: =IFERROR(_xlfn.XLOOKUP($O$5,DealsMaster[Deal No.],DealsMaster[Consignee]),"") -> Reliance Energy Zambia | D25: =IFERROR(_xlfn.XLOOKUP($O$5,DealsMaster[Deal No.],DealsMaster[Loading Port]),"") -> Beira | I25: =IFERROR(_xlfn.XLOOKUP($O$5,DealsMaster[Deal No.],DealsMaster[Destination]),"") -> Lusaka | J25: =IFERROR(_xlfn.XLOOKUP($O$5,DealsMaster[Deal No.],DealsMaster[Product]),"") -> PMS | M25: =IF(OR(K25="",L25=""),"",L25-K25) | N25: =$O$6 -> 2 | O25: =IF(AND(C25<>"",K25<>"",K25<C25),"⚠ Arrival < Loaded",IF(AND(K25<>"",L25<>"",L25<K25),"⚠ Offloaded < Arrival",IF(M25="","",IF(M25>N25,"DEMURRAGE","OK")))) | P25: =IF(M25="","",MAX(0,M25-N25)*$O$7)
... A31: =$O$5 -> 184834 | B31: =IFERROR(_xlfn.XLOOKUP($O$5,DealsMaster[Deal No.],DealsMaster[Consignee]),"") -> Reliance Energy Zambia | D31: =IFERROR(_xlfn.XLOOKUP($O$5,DealsMaster[Deal No.],DealsMaster[Loading Port]),"") -> Beira | I31: =IFERROR(_xlfn.XLOOKUP($O$5,DealsMaster[Deal No.],DealsMaster[Destination]),"") -> Lusaka | J31: =IFERROR(_xlfn.XLOOKUP($O$5,DealsMaster[Deal No.],DealsMaster[Product]),"") -> PMS | M31: =IF(OR(K31="",L31=""),"",L31-K31) | N31: =$O$6 -> 2 | O31: =IF(AND(C31<>"",K31<>"",K31<C31),"⚠ Arrival < Loaded",IF(AND(K31<>"",L31<>"",L31<K31),"⚠ Offloaded < Arrival",IF(M31="","",IF(M31>N31,"DEMURRAGE","OK")))) | P31: =IF(M31="","",MAX(0,M31-N31)*$O$7)
A32: TOTAL | P32: =SUBTOTAL(109,P10:P31) -> 0

Sheet 186216-RUBIS-BEIRA-LSK
C1: =IF(O5=0,"DEMURRAGE CALCULATION — [ENTER DEAL NO. ABOVE]","DEMURRAGE CALCULATION — "&TEXT(O5,"0")&" - "&UPPER(IFERROR(_xlfn.XLOOKUP(O5,DealsMaster[Deal No.],DealsMaster[Consignee]),""))&" - "&UPPER(IFERROR(_xlfn.XLOOKUP(O5,DealsMaster[Deal No.],DealsMaster[Route]),""))) -> DEMURRAGE CALCULATION — 186216 - RUBIS ENERGY ZAMBIA - BEIRA → LUSAKA
C3: KEY METRICS
C4: TOTAL OWED | F4: # IN DEMURRAGE | N4: DEAL DEFAULTS
C5: =SUM('186216-RUBIS-BEIRA-LSK'!$P$10:$P$31) -> 1500 | F5: =COUNTIF('186216-RUBIS-BEIRA-LSK'!$O$10:$O$31,"DEMURRAGE")&" / "&COUNTA('186216-RUBIS-BEIRA-LSK'!$A$10:$A$31) -> 1 / 22 | N5: Deal No. | O5: 186216
N6: Laytime (days) | O6: =IFERROR(_xlfn.XLOOKUP($O$5,DealsMaster[Deal No.],DealsMaster[Laytime Allowance (days)]),0) -> 2
N7: Rate (USD/day) | O7: =IFERROR(_xlfn.XLOOKUP($O$5,DealsMaster[Deal No.],DealsMaster[Demurrage Rate (USD/day)]),0) -> 250
A8: HOW TO USE: | B8: 1️⃣ Enter Deal No. in the gold box above → 2️⃣ Fill in truck details (columns C–L) row by row → 3️⃣ Demurrage calculates automatically → 4️⃣ Rename the sheet tab when done
A9: MOCOH Deal No. | B9: Consignee | C9: Date Loaded | D9: Loading Port | E9: Truck No. | F9: Trailer Reg. | G9: Transporter | H9: Driver Name | I9: Destination | J9: Product | K9: Arrival Date at Offloading | L9: Offloaded Date | M9: Total Waiting Days | N9: Laytime Used (days) | O9: Sanity Check | P9: Total Demurrage to Invoice (USD)
A10: =$O$5 -> 186216 | B10: =IFERROR(_xlfn.XLOOKUP($O$5,DealsMaster[Deal No.],DealsMaster[Consignee]),"") -> Rubis Energy Zambia | D10: =IFERROR(_xlfn.XLOOKUP($O$5,DealsMaster[Deal No.],DealsMaster[Loading Port]),"") -> Beira | E10: AGU 496 MP | F10: AF 738 MC | G10: TRANSIR | H10: Nhamo Mukwekwerere | I10: =IFERROR(_xlfn.XLOOKUP($O$5,DealsMaster[Deal No.],DealsMaster[Destination]),"") -> Lusaka | J10: =IFERROR(_xlfn.XLOOKUP($O$5,DealsMaster[Deal No.],DealsMaster[Product]),"") -> PMS | K10: 46071 | L10: 46073 | M10: =IF(OR(K10="",L10=""),"",L10-K10) -> 2 | N10: =$O$6 -> 2 | O10: =IF(AND(C10<>"",K10<>"",K10<C10),"⚠ Arrival < Loaded",IF(AND(K10<>"",L10<>"",L10<K10),"⚠ Offloaded < Arrival",IF(M10="","",IF(M10>N10,"DEMURRAGE","OK")))) -> OK | P10: =IF(M10="","",MAX(0,M10-N10)*$O$7) -> 0
A11: =$O$5 -> 186216 | B11: =IFERROR(_xlfn.XLOOKUP($O$5,DealsMaster[Deal No.],DealsMaster[Consignee]),"") -> Rubis Energy Zambia | D11: =IFERROR(_xlfn.XLOOKUP($O$5,DealsMaster[Deal No.],DealsMaster[Loading Port]),"") -> Beira | E11: AJJ 602 MP | F11: AF 699 MC | G11: TRANSIR | H11: Hestings Banda | I11: =IFERROR(_xlfn.XLOOKUP($O$5,DealsMaster[Deal No.],DealsMaster[Destination]),"") -> Lusaka | J11: =IFERROR(_xlfn.XLOOKUP($O$5,DealsMaster[Deal No.],DealsMaster[Product]),"") -> PMS | K11: 46074 | L11: 46076 | M11: =IF(OR(K11="",L11=""),"",L11-K11) -> 2 | N11: =$O$6 -> 2 | O11: =IF(AND(C11<>"",K11<>"",K11<C11),"⚠ Arrival < Loaded",IF(AND(K11<>"",L11<>"",L11<K11),"⚠ Offloaded < Arrival",IF(M11="","",IF(M11>N11,"DEMURRAGE","OK")))) -> OK | P11: =IF(M11="","",MAX(0,M11-N11)*$O$7) -> 0
A12: =$O$5 -> 186216 | B12: =IFERROR(_xlfn.XLOOKUP($O$5,DealsMaster[Deal No.],DealsMaster[Consignee]),"") -> Rubis Energy Zambia | D12: =IFERROR(_xlfn.XLOOKUP($O$5,DealsMaster[Deal No.],DealsMaster[Loading Port]),"") -> Beira | E12: AFW 378 MP | F12: AE 731 MC | G12: TRANSIR | H12: Kangai Tafirenyika | I12: =IFERROR(_xlfn.XLOOKUP($O$5,DealsMaster[Deal No.],DealsMaster[Destination]),"") -> Lusaka | J12: =IFERROR(_xlfn.XLOOKUP($O$5,DealsMaster[Deal No.],DealsMaster[Product]),"") -> PMS | K12: 46074 | L12: 46076 | M12: =IF(OR(K12="",L12=""),"",L12-K12) -> 2 | N12: =$O$6 -> 2 | O12: =IF(AND(C12<>"",K12<>"",K12<C12),"⚠ Arrival < Loaded",IF(AND(K12<>"",L12<>"",L12<K12),"⚠ Offloaded < Arrival",IF(M12="","",IF(M12>N12,"DEMURRAGE","OK")))) -> OK | P12: =IF(M12="","",MAX(0,M12-N12)*$O$7) -> 0
A13: =$O$5 -> 186216 | B13: =IFERROR(_xlfn.XLOOKUP($O$5,DealsMaster[Deal No.],DealsMaster[Consignee]),"") -> Rubis Energy Zambia | D13: =IFERROR(_xlfn.XLOOKUP($O$5,DealsMaster[Deal No.],DealsMaster[Loading Port]),"") -> Beira | E13: AIB 049 MC | F13: AF 715 MC | G13: TRANSIR | H13: Kumirai Krispen | I13: =IFERROR(_xlfn.XLOOKUP($O$5,DealsMaster[Deal No.],DealsMaster[Destination]),"") -> Lusaka | J13: =IFERROR(_xlfn.XLOOKUP($O$5,DealsMaster[Deal No.],DealsMaster[Product]),"") -> PMS | K13: 46080 | L13: 46088 | M13: =IF(OR(K13="",L13=""),"",L13-K13) -> 8 | N13: =$O$6 -> 2 | O13: =IF(AND(C13<>"",K13<>"",K13<C13),"⚠ Arrival < Loaded",IF(AND(K13<>"",L13<>"",L13<K13),"⚠ Offloaded < Arrival",IF(M13="","",IF(M13>N13,"DEMURRAGE","OK")))) -> DEMURRAGE | P13: =IF(M13="","",MAX(0,M13-N13)*$O$7) -> 1500
A14: =$O$5 -> 186216 | B14: =IFERROR(_xlfn.XLOOKUP($O$5,DealsMaster[Deal No.],DealsMaster[Consignee]),"") -> Rubis Energy Zambia | O14: =IF(AND(C14<>"",K14<>"",K14<C14),"⚠ Arrival < Loaded",IF(AND(K14<>"",L14<>"",L14<K14),"⚠ Offloaded < Arrival",IF(M14="","",IF(M14>N14,"DEMURRAGE","OK")))) | P14: =IF(M14="","",MAX(0,M14-N14)*$O$7)
A15: =$O$5 -> 186216 | B15: =IFERROR(_xlfn.XLOOKUP($O$5,DealsMaster[Deal No.],DealsMaster[Consignee]),"") -> Rubis Energy Zambia | O15: =IF(AND(C15<>"",K15<>"",K15<C15),"⚠ Arrival < Loaded",IF(AND(K15<>"",L15<>"",L15<K15),"⚠ Offloaded < Arrival",IF(M15="","",IF(M15>N15,"DEMURRAGE","OK")))) | P15: =IF(M15="","",MAX(0,M15-N15)*$O$7)
A16: =$O$5 -> 186216 | B16: =IFERROR(_xlfn.XLOOKUP($O$5,DealsMaster[Deal No.],DealsMaster[Consignee]),"") -> Rubis Energy Zambia | O16: =IF(AND(C16<>"",K16<>"",K16<C16),"⚠ Arrival < Loaded",IF(AND(K16<>"",L16<>"",L16<K16),"⚠ Offloaded < Arrival",IF(M16="","",IF(M16>N16,"DEMURRAGE","OK")))) | P16: =IF(M16="","",MAX(0,M16-N16)*$O$7)
A17: =$O$5 -> 186216 | B17: =IFERROR(_xlfn.XLOOKUP($O$5,DealsMaster[Deal No.],DealsMaster[Consignee]),"") -> Rubis Energy Zambia | O17: =IF(AND(C17<>"",K17<>"",K17<C17),"⚠ Arrival < Loaded",IF(AND(K17<>"",L17<>"",L17<K17),"⚠ Offloaded < Arrival",IF(M17="","",IF(M17>N17,"DEMURRAGE","OK")))) | P17: =IF(M17="","",MAX(0,M17-N17)*$O$7)
A18: =$O$5 -> 186216 | B18: =IFERROR(_xlfn.XLOOKUP($O$5,DealsMaster[Deal No.],DealsMaster[Consignee]),"") -> Rubis Energy Zambia | O18: =IF(AND(C18<>"",K18<>"",K18<C18),"⚠ Arrival < Loaded",IF(AND(K18<>"",L18<>"",L18<K18),"⚠ Offloaded < Arrival",IF(M18="","",IF(M18>N18,"DEMURRAGE","OK")))) | P18: =IF(M18="","",MAX(0,M18-N18)*$O$7)
A19: =$O$5 -> 186216 | B19: =IFERROR(_xlfn.XLOOKUP($O$5,DealsMaster[Deal No.],DealsMaster[Consignee]),"") -> Rubis Energy Zambia | O19: =IF(AND(C19<>"",K19<>"",K19<C19),"⚠ Arrival < Loaded",IF(AND(K19<>"",L19<>"",L19<K19),"⚠ Offloaded < Arrival",IF(M19="","",IF(M19>N19,"DEMURRAGE","OK")))) | P19: =IF(M19="","",MAX(0,M19-N19)*$O$7)
A20: =$O$5 -> 186216 | B20: =IFERROR(_xlfn.XLOOKUP($O$5,DealsMaster[Deal No.],DealsMaster[Consignee]),"") -> Rubis Energy Zambia | O20: =IF(AND(C20<>"",K20<>"",K20<C20),"⚠ Arrival < Loaded",IF(AND(K20<>"",L20<>"",L20<K20),"⚠ Offloaded < Arrival",IF(M20="","",IF(M20>N20,"DEMURRAGE","OK")))) | P20: =IF(M20="","",MAX(0,M20-N20)*$O$7)
A21: =$O$5 -> 186216 | B21: =IFERROR(_xlfn.XLOOKUP($O$5,DealsMaster[Deal No.],DealsMaster[Consignee]),"") -> Rubis Energy Zambia | O21: =IF(AND(C21<>"",K21<>"",K21<C21),"⚠ Arrival < Loaded",IF(AND(K21<>"",L21<>"",L21<K21),"⚠ Offloaded < Arrival",IF(M21="","",IF(M21>N21,"DEMURRAGE","OK")))) | P21: =IF(M21="","",MAX(0,M21-N21)*$O$7)
A22: =$O$5 -> 186216 | B22: =IFERROR(_xlfn.XLOOKUP($O$5,DealsMaster[Deal No.],DealsMaster[Consignee]),"") -> Rubis Energy Zambia | O22: =IF(AND(C22<>"",K22<>"",K22<C22),"⚠ Arrival < Loaded",IF(AND(K22<>"",L22<>"",L22<K22),"⚠ Offloaded < Arrival",IF(M22="","",IF(M22>N22,"DEMURRAGE","OK")))) | P22: =IF(M22="","",MAX(0,M22-N22)*$O$7)
A23: =$O$5 -> 186216 | B23: =IFERROR(_xlfn.XLOOKUP($O$5,DealsMaster[Deal No.],DealsMaster[Consignee]),"") -> Rubis Energy Zambia | O23: =IF(AND(C23<>"",K23<>"",K23<C23),"⚠ Arrival < Loaded",IF(AND(K23<>"",L23<>"",L23<K23),"⚠ Offloaded < Arrival",IF(M23="","",IF(M23>N23,"DEMURRAGE","OK")))) | P23: =IF(M23="","",MAX(0,M23-N23)*$O$7)
A24: =$O$5 -> 186216 | B24: =IFERROR(_xlfn.XLOOKUP($O$5,DealsMaster[Deal No.],DealsMaster[Consignee]),"") -> Rubis Energy Zambia | O24: =IF(AND(C24<>"",K24<>"",K24<C24),"⚠ Arrival < Loaded",IF(AND(K24<>"",L24<>"",L24<K24),"⚠ Offloaded < Arrival",IF(M24="","",IF(M24>N24,"DEMURRAGE","OK")))) | P24: =IF(M24="","",MAX(0,M24-N24)*$O$7)
A25: =$O$5 -> 186216 | B25: =IFERROR(_xlfn.XLOOKUP($O$5,DealsMaster[Deal No.],DealsMaster[Consignee]),"") -> Rubis Energy Zambia | O25: =IF(AND(C25<>"",K25<>"",K25<C25),"⚠ Arrival < Loaded",IF(AND(K25<>"",L25<>"",L25<K25),"⚠ Offloaded < Arrival",IF(M25="","",IF(M25>N25,"DEMURRAGE","OK")))) | P25: =IF(M25="","",MAX(0,M25-N25)*$O$7)
... A31: =$O$5 -> 186216 | B31: =IFERROR(_xlfn.XLOOKUP($O$5,DealsMaster[Deal No.],DealsMaster[Consignee]),"") -> Rubis Energy Zambia | O31: =IF(AND(C31<>"",K31<>"",K31<C31),"⚠ Arrival < Loaded",IF(AND(K31<>"",L31<>"",L31<K31),"⚠ Offloaded < Arrival",IF(M31="","",IF(M31>N31,"DEMURRAGE","OK")))) | P31: =IF(M31="","",MAX(0,M31-N31)*$O$7)
A32: TOTAL | P32: =SUBTOTAL(109,P10:P31) -> 1500

Sheet 187293-LAKE-BEIRA-LSK
C1: =IF(O5=0,"DEMURRAGE CALCULATION — [ENTER DEAL NO. ABOVE]","DEMURRAGE CALCULATION — "&TEXT(O5,"0")&" - "&UPPER(IFERROR(_xlfn.XLOOKUP(O5,DealsMaster[Deal No.],DealsMaster[Consignee]),""))&" - "&UPPER(IFERROR(_xlfn.XLOOKUP(O5,DealsMaster[Deal No.],DealsMaster[Route]),""))) -> DEMURRAGE CALCULATION — 187293 - LAKE PETROLEUM ZAMBIA - BEIRA → LUSAKA
C3: KEY METRICS
C4: TOTAL OWED | F4: # IN DEMURRAGE | N4: DEAL DEFAULTS
C5: =SUM('187293-LAKE-BEIRA-LSK'!$P$10:$P$38) -> 50750 | F5: =COUNTIF('187293-LAKE-BEIRA-LSK'!$O$10:$O$38,"DEMURRAGE")&" / "&COUNTA('187293-LAKE-BEIRA-LSK'!$A$10:$A$38) -> 29 / 29 | N5: Deal No. | O5: 187293
N6: Laytime (days) | O6: =IFERROR(_xlfn.XLOOKUP($O$5,DealsMaster[Deal No.],DealsMaster[Laytime Allowance (days)]),0) -> 2
N7: Rate (USD/day) | O7: =IFERROR(_xlfn.XLOOKUP($O$5,DealsMaster[Deal No.],DealsMaster[Demurrage Rate (USD/day)]),0) -> 250
A8: HOW TO USE: | B8: 1️⃣ Enter Deal No. in the gold box above → 2️⃣ Fill in truck details (columns C–L) row by row → 3️⃣ Demurrage calculates automatically → 4️⃣ Rename the sheet tab when done
A9: MOCOH Deal No. | B9: Consignee | C9: Date Loaded | D9: Loading Port | E9: Truck No. | F9: Trailer Reg. | G9: Transporter | H9: Driver Name | I9: Destination | J9: Product | K9: Arrival Date at Offloading | L9: Offloaded Date | M9: Total Waiting Days | N9: Laytime Allowed (days) | O9: Sanity Check | P9: Total Demurrage to Invoice (USD)
A10: =$O$5 -> 187293 | B10: =IFERROR(_xlfn.XLOOKUP($O$5,DealsMaster[Deal No.],DealsMaster[Consignee]),"") -> Lake Petroleum Zambia | C10: 46095 | D10: =IFERROR(_xlfn.XLOOKUP($O$5,DealsMaster[Deal No.],DealsMaster[Loading Port]),"") -> Beira | E10: AKN 001 MC | F10: AH 453 MC | G10: PETRODA | H10: MOMADE MOEDA MOMADE | I10: =IFERROR(_xlfn.XLOOKUP($O$5,DealsMaster[Deal No.],DealsMaster[Destination]),"") -> Lusaka | J10: =IFERROR(_xlfn.XLOOKUP($O$5,DealsMaster[Deal No.],DealsMaster[Product]),"") -> PMS | K10: 46102 | L10: 46113 | M10: =IF(OR(K10="",L10=""),"",L10-K10) -> 11 | N10: =$O$6 -> 2 | O10: =IF(AND(C10<>"",K10<>"",K10<C10),"⚠ Arrival < Loaded",IF(AND(K10<>"",L10<>"",L10<K10),"⚠ Offloaded < Arrival",IF(M10="","",IF(M10>N10,"DEMURRAGE","OK")))) -> DEMURRAGE | P10: =IF(M10="","",MAX(0,M10-N10)*$O$7) -> 2250
A11: =$O$5 -> 187293 | B11: =IFERROR(_xlfn.XLOOKUP($O$5,DealsMaster[Deal No.],DealsMaster[Consignee]),"") -> Lake Petroleum Zambia | C11: 46095 | D11: =IFERROR(_xlfn.XLOOKUP($O$5,DealsMaster[Deal No.],DealsMaster[Loading Port]),"") -> Beira | E11: AKN 014 MC | F11: AH 447 MC | G11: PETRODA | H11: KEITH TCHUMA | I11: =IFERROR(_xlfn.XLOOKUP($O$5,DealsMaster[Deal No.],DealsMaster[Destination]),"") -> Lusaka | J11: =IFERROR(_xlfn.XLOOKUP($O$5,DealsMaster[Deal No.],DealsMaster[Product]),"") -> PMS | K11: 46099 | L11: 46111 | M11: =IF(OR(K11="",L11=""),"",L11-K11) -> 12 | N11: =$O$6 -> 2 | O11: =IF(AND(C11<>"",K11<>"",K11<C11),"⚠ Arrival < Loaded",IF(AND(K11<>"",L11<>"",L11<K11),"⚠ Offloaded < Arrival",IF(M11="","",IF(M11>N11,"DEMURRAGE","OK")))) -> DEMURRAGE | P11: =IF(M11="","",MAX(0,M11-N11)*$O$7) -> 2500
A12: =$O$5 -> 187293 | B12: =IFERROR(_xlfn.XLOOKUP($O$5,DealsMaster[Deal No.],DealsMaster[Consignee]),"") -> Lake Petroleum Zambia | C12: 46095 | D12: =IFERROR(_xlfn.XLOOKUP($O$5,DealsMaster[Deal No.],DealsMaster[Loading Port]),"") -> Beira | E12: AKN 767 MC | F12: AH 437 MC | G12: PETRODA | H12: CARLOS JOSE JOAO | I12: =IFERROR(_xlfn.XLOOKUP($O$5,DealsMaster[Deal No.],DealsMaster[Destination]),"") -> Lusaka | J12: =IFERROR(_xlfn.XLOOKUP($O$5,DealsMaster[Deal No.],DealsMaster[Product]),"") -> PMS | K12: 46102 | L12: 46113 | M12: =IF(OR(K12="",L12=""),"",L12-K12) -> 11 | N12: =$O$6 -> 2 | O12: =IF(AND(C12<>"",K12<>"",K12<C12),"⚠ Arrival < Loaded",IF(AND(K12<>"",L12<>"",L12<K12),"⚠ Offloaded < Arrival",IF(M12="","",IF(M12>N12,"DEMURRAGE","OK")))) -> DEMURRAGE | P12: =IF(M12="","",MAX(0,M12-N12)*$O$7) -> 2250
A13: =$O$5 -> 187293 | B13: =IFERROR(_xlfn.XLOOKUP($O$5,DealsMaster[Deal No.],DealsMaster[Consignee]),"") -> Lake Petroleum Zambia | C13: 46095 | D13: =IFERROR(_xlfn.XLOOKUP($O$5,DealsMaster[Deal No.],DealsMaster[Loading Port]),"") -> Beira | E13: AKN 010 MC | F13: AH 438 MC | G13: PETRODA | H13: NELSON GOTINE | I13: =IFERROR(_xlfn.XLOOKUP($O$5,DealsMaster[Deal No.],DealsMaster[Destination]),"") -> Lusaka | J13: =IFERROR(_xlfn.XLOOKUP($O$5,DealsMaster[Deal No.],DealsMaster[Product]),"") -> PMS | K13: 46102 | L13: 46113 | M13: =IF(OR(K13="",L13=""),"",L13-K13) -> 11 | N13: =$O$6 -> 2 | O13: =IF(AND(C13<>"",K13<>"",K13<C13),"⚠ Arrival < Loaded",IF(AND(K13<>"",L13<>"",L13<K13),"⚠ Offloaded < Arrival",IF(M13="","",IF(M13>N13,"DEMURRAGE","OK")))) -> DEMURRAGE | P13: =IF(M13="","",MAX(0,M13-N13)*$O$7) -> 2250
A14: =$O$5 -> 187293 | B14: =IFERROR(_xlfn.XLOOKUP($O$5,DealsMaster[Deal No.],DealsMaster[Consignee]),"") -> Lake Petroleum Zambia | C14: 46095 | D14: =IFERROR(_xlfn.XLOOKUP($O$5,DealsMaster[Deal No.],DealsMaster[Loading Port]),"") -> Beira | E14: AKN 820 MC | F14: AH 468 MC | G14: PETRODA | H14: CHIFUNDO SITOLO | I14: =IFERROR(_xlfn.XLOOKUP($O$5,DealsMaster[Deal No.],DealsMaster[Destination]),"") -> Lusaka | J14: =IFERROR(_xlfn.XLOOKUP($O$5,DealsMaster[Deal No.],DealsMaster[Product]),"") -> PMS | K14: 46099 | L14: 46113 | M14: =IF(OR(K14="",L14=""),"",L14-K14) -> 14 | N14: =$O$6 -> 2 | O14: =IF(AND(C14<>"",K14<>"",K14<C14),"⚠ Arrival < Loaded",IF(AND(K14<>"",L14<>"",L14<K14),"⚠ Offloaded < Arrival",IF(M14="","",IF(M14>N14,"DEMURRAGE","OK")))) -> DEMURRAGE | P14: =IF(M14="","",MAX(0,M14-N14)*$O$7) -> 3000
A15: =$O$5 -> 187293 | B15: =IFERROR(_xlfn.XLOOKUP($O$5,DealsMaster[Deal No.],DealsMaster[Consignee]),"") -> Lake Petroleum Zambia | C15: 46102 | D15: =IFERROR(_xlfn.XLOOKUP($O$5,DealsMaster[Deal No.],DealsMaster[Loading Port]),"") -> Beira | E15: ABC 253 SF | F15: AH 386 SF | G15: PETRODA | H15: Zacarias Huo | I15: =IFERROR(_xlfn.XLOOKUP($O$5,DealsMaster[Deal No.],DealsMaster[Destination]),"") -> Lusaka | J15: =IFERROR(_xlfn.XLOOKUP($O$5,DealsMaster[Deal No.],DealsMaster[Product]),"") -> PMS | K15: 46106 | L15: 46111 | M15: =IF(OR(K15="",L15=""),"",L15-K15) -> 5 | N15: =$O$6 -> 2 | O15: =IF(AND(C15<>"",K15<>"",K15<C15),"⚠ Arrival < Loaded",IF(AND(K15<>"",L15<>"",L15<K15),"⚠ Offloaded < Arrival",IF(M15="","",IF(M15>N15,"DEMURRAGE","OK")))) -> DEMURRAGE | P15: =IF(M15="","",MAX(0,M15-N15)*$O$7) -> 750
A16: =$O$5 -> 187293 | B16: =IFERROR(_xlfn.XLOOKUP($O$5,DealsMaster[Deal No.],DealsMaster[Consignee]),"") -> Lake Petroleum Zambia | C16: 46101 | D16: =IFERROR(_xlfn.XLOOKUP($O$5,DealsMaster[Deal No.],DealsMaster[Loading Port]),"") -> Beira | E16: AKO 101 MC | F16: AH 451 MC | G16: PETRODA | H16: Casse Moguene | I16: =IFERROR(_xlfn.XLOOKUP($O$5,DealsMaster[Deal No.],DealsMaster[Destination]),"") -> Lusaka | J16: =IFERROR(_xlfn.XLOOKUP($O$5,DealsMaster[Deal No.],DealsMaster[Product]),"") -> PMS | K16: 46111 | L16: 46114 | M16: =IF(OR(K16="",L16=""),"",L16-K16) -> 3 | N16: =$O$6 -> 2 | O16: =IF(AND(C16<>"",K16<>"",K16<C16),"⚠ Arrival < Loaded",IF(AND(K16<>"",L16<>"",L16<K16),"⚠ Offloaded < Arrival",IF(M16="","",IF(M16>N16,"DEMURRAGE","OK")))) -> DEMURRAGE | P16: =IF(M16="","",MAX(0,M16-N16)*$O$7) -> 250
A17: =$O$5 -> 187293 | B17: =IFERROR(_xlfn.XLOOKUP($O$5,DealsMaster[Deal No.],DealsMaster[Consignee]),"") -> Lake Petroleum Zambia | C17: 46079 | D17: =IFERROR(_xlfn.XLOOKUP($O$5,DealsMaster[Deal No.],DealsMaster[Loading Port]),"") -> Beira | E17: CAA-8073ZM | F17: CAA-8067ZM | G17: OASIS | H17: FRANCIS | I17: =IFERROR(_xlfn.XLOOKUP($O$5,DealsMaster[Deal No.],DealsMaster[Destination]),"") -> Lusaka | J17: =IFERROR(_xlfn.XLOOKUP($O$5,DealsMaster[Deal No.],DealsMaster[Product]),"") -> PMS | K17: 46088 | L17: 46099 | M17: =IF(OR(K17="",L17=""),"",L17-K17) -> 11 | N17: =$O$6 -> 2 | O17: =IF(AND(C17<>"",K17<>"",K17<C17),"⚠ Arrival < Loaded",IF(AND(K17<>"",L17<>"",L17<K17),"⚠ Offloaded < Arrival",IF(M17="","",IF(M17>N17,"DEMURRAGE","OK")))) -> DEMURRAGE | P17: =IF(M17="","",MAX(0,M17-N17)*$O$7) -> 2250
A18: =$O$5 -> 187293 | B18: =IFERROR(_xlfn.XLOOKUP($O$5,DealsMaster[Deal No.],DealsMaster[Consignee]),"") -> Lake Petroleum Zambia | C18: 46079 | D18: =IFERROR(_xlfn.XLOOKUP($O$5,DealsMaster[Deal No.],DealsMaster[Loading Port]),"") -> Beira | E18: BAZ-3920ZM | F18: BAZ-4329ZM | G18: OASIS | H18: AARON | I18: =IFERROR(_xlfn.XLOOKUP($O$5,DealsMaster[Deal No.],DealsMaster[Destination]),"") -> Lusaka | J18: =IFERROR(_xlfn.XLOOKUP($O$5,DealsMaster[Deal No.],DealsMaster[Product]),"") -> PMS | K18: 46082 | L18: 46086 | M18: =IF(OR(K18="",L18=""),"",L18-K18) -> 4 | N18: =$O$6 -> 2 | O18: =IF(AND(C18<>"",K18<>"",K18<C18),"⚠ Arrival < Loaded",IF(AND(K18<>"",L18<>"",L18<K18),"⚠ Offloaded < Arrival",IF(M18="","",IF(M18>N18,"DEMURRAGE","OK")))) -> DEMURRAGE | P18: =IF(M18="","",MAX(0,M18-N18)*$O$7) -> 500
A19: =$O$5 -> 187293 | B19: =IFERROR(_xlfn.XLOOKUP($O$5,DealsMaster[Deal No.],DealsMaster[Consignee]),"") -> Lake Petroleum Zambia | C19: 46079 | D19: =IFERROR(_xlfn.XLOOKUP($O$5,DealsMaster[Deal No.],DealsMaster[Loading Port]),"") -> Beira | E19: BAV-7007ZM | F19: BAV-7070ZM | G19: OASIS | H19: ANDRE | I19: =IFERROR(_xlfn.XLOOKUP($O$5,DealsMaster[Deal No.],DealsMaster[Destination]),"") -> Lusaka | J19: =IFERROR(_xlfn.XLOOKUP($O$5,DealsMaster[Deal No.],DealsMaster[Product]),"") -> PMS | K19: 46088 | L19: 46100 | M19: =IF(OR(K19="",L19=""),"",L19-K19) -> 12 | N19: =$O$6 -> 2 | O19: =IF(AND(C19<>"",K19<>"",K19<C19),"⚠ Arrival < Loaded",IF(AND(K19<>"",L19<>"",L19<K19),"⚠ Offloaded < Arrival",IF(M19="","",IF(M19>N19,"DEMURRAGE","OK")))) -> DEMURRAGE | P19: =IF(M19="","",MAX(0,M19-N19)*$O$7) -> 2500
A20: =$O$5 -> 187293 | B20: =IFERROR(_xlfn.XLOOKUP($O$5,DealsMaster[Deal No.],DealsMaster[Consignee]),"") -> Lake Petroleum Zambia | C20: 46079 | D20: =IFERROR(_xlfn.XLOOKUP($O$5,DealsMaster[Deal No.],DealsMaster[Loading Port]),"") -> Beira | E20: BAV-7006ZM | F20: BAV-7074ZM | G20: OASIS | H20: CECIL | I20: =IFERROR(_xlfn.XLOOKUP($O$5,DealsMaster[Deal No.],DealsMaster[Destination]),"") -> Lusaka | J20: =IFERROR(_xlfn.XLOOKUP($O$5,DealsMaster[Deal No.],DealsMaster[Product]),"") -> PMS | K20: 46084 | L20: 46088 | M20: =IF(OR(K20="",L20=""),"",L20-K20) -> 4 | N20: =$O$6 -> 2 | O20: =IF(AND(C20<>"",K20<>"",K20<C20),"⚠ Arrival < Loaded",IF(AND(K20<>"",L20<>"",L20<K20),"⚠ Offloaded < Arrival",IF(M20="","",IF(M20>N20,"DEMURRAGE","OK")))) -> DEMURRAGE | P20: =IF(M20="","",MAX(0,M20-N20)*$O$7) -> 500
A21: =$O$5 -> 187293 | B21: =IFERROR(_xlfn.XLOOKUP($O$5,DealsMaster[Deal No.],DealsMaster[Consignee]),"") -> Lake Petroleum Zambia | C21: 46079 | D21: =IFERROR(_xlfn.XLOOKUP($O$5,DealsMaster[Deal No.],DealsMaster[Loading Port]),"") -> Beira | E21: BAZ-4162ZM | F21: BAZ-4663ZM | G21: OASIS | H21: EMMANUEL | I21: =IFERROR(_xlfn.XLOOKUP($O$5,DealsMaster[Deal No.],DealsMaster[Destination]),"") -> Lusaka | J21: =IFERROR(_xlfn.XLOOKUP($O$5,DealsMaster[Deal No.],DealsMaster[Product]),"") -> PMS | K21: 46082 | L21: 46086 | M21: =IF(OR(K21="",L21=""),"",L21-K21) -> 4 | N21: =$O$6 -> 2 | O21: =IF(AND(C21<>"",K21<>"",K21<C21),"⚠ Arrival < Loaded",IF(AND(K21<>"",L21<>"",L21<K21),"⚠ Offloaded < Arrival",IF(M21="","",IF(M21>N21,"DEMURRAGE","OK")))) -> DEMURRAGE | P21: =IF(M21="","",MAX(0,M21-N21)*$O$7) -> 500
... A38: =$O$5 -> 187293 | B38: =IFERROR(_xlfn.XLOOKUP($O$5,DealsMaster[Deal No.],DealsMaster[Consignee]),"") -> Lake Petroleum Zambia | C38: 46093 | D38: =IFERROR(_xlfn.XLOOKUP($O$5,DealsMaster[Deal No.],DealsMaster[Loading Port]),"") -> Beira | E38: AIB 049 MC | F38: AF 715 MC | G38: TRANSIR | H38: KUMIRAI KRISPEN | I38: =IFERROR(_xlfn.XLOOKUP($O$5,DealsMaster[Deal No.],DealsMaster[Destination]),"") -> Lusaka | J38: =IFERROR(_xlfn.XLOOKUP($O$5,DealsMaster[Deal No.],DealsMaster[Product]),"") -> PMS | K38: 46098 | L38: 46108 | M38: =IF(OR(K38="",L38=""),"",L38-K38) -> 10 | N38: =$O$6 -> 2 | O38: =IF(AND(C38<>"",K38<>"",K38<C38),"⚠ Arrival < Loaded",IF(AND(K38<>"",L38<>"",L38<K38),"⚠ Offloaded < Arrival",IF(M38="","",IF(M38>N38,"DEMURRAGE","OK")))) -> DEMURRAGE | P38: =IF(M38="","",MAX(0,M38-N38)*$O$7) -> 2000
A39: TOTAL | P39: =SUBTOTAL(109,P10:P38) -> 50750

Sheet 187296-RUBIS-BEIRA-LSK
C1: =IF(O5=0,"DEMURRAGE CALCULATION — [ENTER DEAL NO. ABOVE]","DEMURRAGE CALCULATION — "&TEXT(O5,"0")&" - "&UPPER(IFERROR(_xlfn.XLOOKUP(O5,DealsMaster[Deal No.],DealsMaster[Consignee]),""))&" - "&UPPER(IFERROR(_xlfn.XLOOKUP(O5,DealsMaster[Deal No.],DealsMaster[Route]),""))) -> DEMURRAGE CALCULATION — 187296 - RUBIS ENERGY ZAMBIA - BEIRA → LUSAKA
C3: KEY METRICS
C4: TOTAL OWED | F4: # IN DEMURRAGE | N4: DEAL DEFAULTS
C5: =SUM('187296-RUBIS-BEIRA-LSK'!$P$10:$P$21) -> 21500 | F5: =COUNTIF('187296-RUBIS-BEIRA-LSK'!$O$10:$O$21,"DEMURRAGE")&" / "&COUNTA('187296-RUBIS-BEIRA-LSK'!$A$10:$A$21) -> 12 / 12 | N5: Deal No. | O5: 187296
N6: Laytime (days) | O6: =IFERROR(_xlfn.XLOOKUP($O$5,DealsMaster[Deal No.],DealsMaster[Laytime Allowance (days)]),0) -> 2
N7: Rate (USD/day) | O7: =IFERROR(_xlfn.XLOOKUP($O$5,DealsMaster[Deal No.],DealsMaster[Demurrage Rate (USD/day)]),0) -> 250
A8: HOW TO USE: | B8: 1️⃣ Enter Deal No. in the gold box above → 2️⃣ Fill in truck details (columns C–L) row by row → 3️⃣ Demurrage calculates automatically → 4️⃣ Rename the sheet tab when done
A9: MOCOH Deal No. | B9: Consignee | C9: Date Loaded | D9: Loading Port | E9: Truck No. | F9: Trailer Reg. | G9: Transporter | H9: Driver Name | I9: Destination | J9: Product | K9: Arrival Date at Offloading | L9: Offloaded Date | M9: Total Waiting Days | N9: Laytime Used (days) | O9: Sanity Check | P9: Total Demurrage to Invoice (USD)
A10: =$O$5 -> 187296 | B10: =IFERROR(_xlfn.XLOOKUP($O$5,DealsMaster[Deal No.],DealsMaster[Consignee]),"") -> Rubis Energy Zambia | C10: 46072 | D10: =IFERROR(_xlfn.XLOOKUP($O$5,DealsMaster[Deal No.],DealsMaster[Loading Port]),"") -> Beira | E10: AKN 021 MC | F10: AH430MC | G10: PETRODA | H10: JOSE MORAIS AUGUSTO | I10: =IFERROR(_xlfn.XLOOKUP($O$5,DealsMaster[Deal No.],DealsMaster[Destination]),"") -> Lusaka | J10: =IFERROR(_xlfn.XLOOKUP($O$5,DealsMaster[Deal No.],DealsMaster[Product]),"") -> PMS | K10: 46076 | L10: 46084 | M10: =IF(OR(K10="",L10=""),"",L10-K10) -> 8 | N10: =$O$6 -> 2 | O10: =IF(AND(C10<>"",K10<>"",K10<C10),"⚠ Arrival < Loaded",IF(AND(K10<>"",L10<>"",L10<K10),"⚠ Offloaded < Arrival",IF(M10="","",IF(M10>N10,"DEMURRAGE","OK")))) -> DEMURRAGE | P10: =IF(M10="","",MAX(0,M10-N10)*$O$7) -> 1500
A11: =$O$5 -> 187296 | B11: =IFERROR(_xlfn.XLOOKUP($O$5,DealsMaster[Deal No.],DealsMaster[Consignee]),"") -> Rubis Energy Zambia | C11: 46072 | D11: =IFERROR(_xlfn.XLOOKUP($O$5,DealsMaster[Deal No.],DealsMaster[Loading Port]),"") -> Beira | E11: ABC 281 SF | F11: AH 405 SF | G11: PETRODA | H11: DAUTI GUBE | I11: =IFERROR(_xlfn.XLOOKUP($O$5,DealsMaster[Deal No.],DealsMaster[Destination]),"") -> Lusaka | J11: =IFERROR(_xlfn.XLOOKUP($O$5,DealsMaster[Deal No.],DealsMaster[Product]),"") -> PMS | K11: 46076 | L11: 46080 | M11: =IF(OR(K11="",L11=""),"",L11-K11) -> 4 | N11: =$O$6 -> 2 | O11: =IF(AND(C11<>"",K11<>"",K11<C11),"⚠ Arrival < Loaded",IF(AND(K11<>"",L11<>"",L11<K11),"⚠ Offloaded < Arrival",IF(M11="","",IF(M11>N11,"DEMURRAGE","OK")))) -> DEMURRAGE | P11: =IF(M11="","",MAX(0,M11-N11)*$O$7) -> 500
A12: =$O$5 -> 187296 | B12: =IFERROR(_xlfn.XLOOKUP($O$5,DealsMaster[Deal No.],DealsMaster[Consignee]),"") -> Rubis Energy Zambia | C12: 46072 | D12: =IFERROR(_xlfn.XLOOKUP($O$5,DealsMaster[Deal No.],DealsMaster[Loading Port]),"") -> Beira | E12: ABC 296 SF | F12: AH 396 SF | G12: PETRODA | H12: CHICONDI RAIMUNDO TEMBO | I12: =IFERROR(_xlfn.XLOOKUP($O$5,DealsMaster[Deal No.],DealsMaster[Destination]),"") -> Lusaka | J12: =IFERROR(_xlfn.XLOOKUP($O$5,DealsMaster[Deal No.],DealsMaster[Product]),"") -> PMS | K12: 46076 | L12: 46080 | M12: =IF(OR(K12="",L12=""),"",L12-K12) -> 4 | N12: =$O$6 -> 2 | O12: =IF(AND(C12<>"",K12<>"",K12<C12),"⚠ Arrival < Loaded",IF(AND(K12<>"",L12<>"",L12<K12),"⚠ Offloaded < Arrival",IF(M12="","",IF(M12>N12,"DEMURRAGE","OK")))) -> DEMURRAGE | P12: =IF(M12="","",MAX(0,M12-N12)*$O$7) -> 500
A13: =$O$5 -> 187296 | B13: =IFERROR(_xlfn.XLOOKUP($O$5,DealsMaster[Deal No.],DealsMaster[Consignee]),"") -> Rubis Energy Zambia | C13: 46072 | D13: =IFERROR(_xlfn.XLOOKUP($O$5,DealsMaster[Deal No.],DealsMaster[Loading Port]),"") -> Beira | E13: ABC 288 SF | F13: AH 388 SF | G13: PETRODA | H13: ANTONIO ZECA NDATCHERENGA | I13: =IFERROR(_xlfn.XLOOKUP($O$5,DealsMaster[Deal No.],DealsMaster[Destination]),"") -> Lusaka | J13: =IFERROR(_xlfn.XLOOKUP($O$5,DealsMaster[Deal No.],DealsMaster[Product]),"") -> PMS | K13: 46076 | L13: 46084 | M13: =IF(OR(K13="",L13=""),"",L13-K13) -> 8 | N13: =$O$6 -> 2 | O13: =IF(AND(C13<>"",K13<>"",K13<C13),"⚠ Arrival < Loaded",IF(AND(K13<>"",L13<>"",L13<K13),"⚠ Offloaded < Arrival",IF(M13="","",IF(M13>N13,"DEMURRAGE","OK")))) -> DEMURRAGE | P13: =IF(M13="","",MAX(0,M13-N13)*$O$7) -> 1500
A14: =$O$5 -> 187296 | B14: =IFERROR(_xlfn.XLOOKUP($O$5,DealsMaster[Deal No.],DealsMaster[Consignee]),"") -> Rubis Energy Zambia | C14: 46072 | D14: =IFERROR(_xlfn.XLOOKUP($O$5,DealsMaster[Deal No.],DealsMaster[Loading Port]),"") -> Beira | E14: AKO 096 MC | F14: AH 452 MC | G14: PETRODA | H14: EMIDIO SEBASTIAO JOAO MUSSAFE | I14: =IFERROR(_xlfn.XLOOKUP($O$5,DealsMaster[Deal No.],DealsMaster[Destination]),"") -> Lusaka | J14: =IFERROR(_xlfn.XLOOKUP($O$5,DealsMaster[Deal No.],DealsMaster[Product]),"") -> PMS | K14: 46076 | L14: 46087 | M14: =IF(OR(K14="",L14=""),"",L14-K14) -> 11 | N14: =$O$6 -> 2 | O14: =IF(AND(C14<>"",K14<>"",K14<C14),"⚠ Arrival < Loaded",IF(AND(K14<>"",L14<>"",L14<K14),"⚠ Offloaded < Arrival",IF(M14="","",IF(M14>N14,"DEMURRAGE","OK")))) -> DEMURRAGE | P14: =IF(M14="","",MAX(0,M14-N14)*$O$7) -> 2250
A15: =$O$5 -> 187296 | B15: =IFERROR(_xlfn.XLOOKUP($O$5,DealsMaster[Deal No.],DealsMaster[Consignee]),"") -> Rubis Energy Zambia | C15: 46072 | D15: =IFERROR(_xlfn.XLOOKUP($O$5,DealsMaster[Deal No.],DealsMaster[Loading Port]),"") -> Beira | E15: AKN 003 MC | F15: AH426MC | G15: PETRODA | H15: PAULO INACIO | I15: =IFERROR(_xlfn.XLOOKUP($O$5,DealsMaster[Deal No.],DealsMaster[Destination]),"") -> Lusaka | J15: =IFERROR(_xlfn.XLOOKUP($O$5,DealsMaster[Deal No.],DealsMaster[Product]),"") -> PMS | K15: 46077 | L15: 46087 | M15: =IF(OR(K15="",L15=""),"",L15-K15) -> 10 | N15: =$O$6 -> 2 | O15: =IF(AND(C15<>"",K15<>"",K15<C15),"⚠ Arrival < Loaded",IF(AND(K15<>"",L15<>"",L15<K15),"⚠ Offloaded < Arrival",IF(M15="","",IF(M15>N15,"DEMURRAGE","OK")))) -> DEMURRAGE | P15: =IF(M15="","",MAX(0,M15-N15)*$O$7) -> 2000
A16: =$O$5 -> 187296 | B16: =IFERROR(_xlfn.XLOOKUP($O$5,DealsMaster[Deal No.],DealsMaster[Consignee]),"") -> Rubis Energy Zambia | C16: 46072 | D16: =IFERROR(_xlfn.XLOOKUP($O$5,DealsMaster[Deal No.],DealsMaster[Loading Port]),"") -> Beira | E16: AKN 017 MC | F16: AH 424 MC | G16: PETRODA | H16: RAUL UARROTA JORGE | I16: =IFERROR(_xlfn.XLOOKUP($O$5,DealsMaster[Deal No.],DealsMaster[Destination]),"") -> Lusaka | J16: =IFERROR(_xlfn.XLOOKUP($O$5,DealsMaster[Deal No.],DealsMaster[Product]),"") -> PMS | K16: 46076 | L16: 46087 | M16: =IF(OR(K16="",L16=""),"",L16-K16) -> 11 | N16: =$O$6 -> 2 | O16: =IF(AND(C16<>"",K16<>"",K16<C16),"⚠ Arrival < Loaded",IF(AND(K16<>"",L16<>"",L16<K16),"⚠ Offloaded < Arrival",IF(M16="","",IF(M16>N16,"DEMURRAGE","OK")))) -> DEMURRAGE | P16: =IF(M16="","",MAX(0,M16-N16)*$O$7) -> 2250
A17: =$O$5 -> 187296 | B17: =IFERROR(_xlfn.XLOOKUP($O$5,DealsMaster[Deal No.],DealsMaster[Consignee]),"") -> Rubis Energy Zambia | C17: 46072 | D17: =IFERROR(_xlfn.XLOOKUP($O$5,DealsMaster[Deal No.],DealsMaster[Loading Port]),"") -> Beira | E17: AKO 141 MC | F17: AH449MC | G17: PETRODA | H17: SILVIO MARIANO | I17: =IFERROR(_xlfn.XLOOKUP($O$5,DealsMaster[Deal No.],DealsMaster[Destination]),"") -> Lusaka | J17: =IFERROR(_xlfn.XLOOKUP($O$5,DealsMaster[Deal No.],DealsMaster[Product]),"") -> PMS | K17: 46076 | L17: 46086 | M17: =IF(OR(K17="",L17=""),"",L17-K17) -> 10 | N17: =$O$6 -> 2 | O17: =IF(AND(C17<>"",K17<>"",K17<C17),"⚠ Arrival < Loaded",IF(AND(K17<>"",L17<>"",L17<K17),"⚠ Offloaded < Arrival",IF(M17="","",IF(M17>N17,"DEMURRAGE","OK")))) -> DEMURRAGE | P17: =IF(M17="","",MAX(0,M17-N17)*$O$7) -> 2000
A18: =$O$5 -> 187296 | B18: =IFERROR(_xlfn.XLOOKUP($O$5,DealsMaster[Deal No.],DealsMaster[Consignee]),"") -> Rubis Energy Zambia | C18: 46072 | D18: =IFERROR(_xlfn.XLOOKUP($O$5,DealsMaster[Deal No.],DealsMaster[Loading Port]),"") -> Beira | E18: ABC 257 SF | F18: AH 420 SF | G18: PETRODA | H18: INACIO NUNES LANGA | I18: =IFERROR(_xlfn.XLOOKUP($O$5,DealsMaster[Deal No.],DealsMaster[Destination]),"") -> Lusaka | J18: =IFERROR(_xlfn.XLOOKUP($O$5,DealsMaster[Deal No.],DealsMaster[Product]),"") -> PMS | K18: 46076 | L18: 46087 | M18: =IF(OR(K18="",L18=""),"",L18-K18) -> 11 | N18: =$O$6 -> 2 | O18: =IF(AND(C18<>"",K18<>"",K18<C18),"⚠ Arrival < Loaded",IF(AND(K18<>"",L18<>"",L18<K18),"⚠ Offloaded < Arrival",IF(M18="","",IF(M18>N18,"DEMURRAGE","OK")))) -> DEMURRAGE | P18: =IF(M18="","",MAX(0,M18-N18)*$O$7) -> 2250
A19: =$O$5 -> 187296 | B19: =IFERROR(_xlfn.XLOOKUP($O$5,DealsMaster[Deal No.],DealsMaster[Consignee]),"") -> Rubis Energy Zambia | C19: 46073 | D19: =IFERROR(_xlfn.XLOOKUP($O$5,DealsMaster[Deal No.],DealsMaster[Loading Port]),"") -> Beira | E19: AKN 777 MC | F19: AH415MC | G19: PETRODA | H19: PAULINO CHICO GUILHERME | I19: =IFERROR(_xlfn.XLOOKUP($O$5,DealsMaster[Deal No.],DealsMaster[Destination]),"") -> Lusaka | J19: =IFERROR(_xlfn.XLOOKUP($O$5,DealsMaster[Deal No.],DealsMaster[Product]),"") -> PMS | K19: 46077 | L19: 46087 | M19: =IF(OR(K19="",L19=""),"",L19-K19) -> 10 | N19: =$O$6 -> 2 | O19: =IF(AND(C19<>"",K19<>"",K19<C19),"⚠ Arrival < Loaded",IF(AND(K19<>"",L19<>"",L19<K19),"⚠ Offloaded < Arrival",IF(M19="","",IF(M19>N19,"DEMURRAGE","OK")))) -> DEMURRAGE | P19: =IF(M19="","",MAX(0,M19-N19)*$O$7) -> 2000
A20: =$O$5 -> 187296 | B20: =IFERROR(_xlfn.XLOOKUP($O$5,DealsMaster[Deal No.],DealsMaster[Consignee]),"") -> Rubis Energy Zambia | C20: 46073 | D20: =IFERROR(_xlfn.XLOOKUP($O$5,DealsMaster[Deal No.],DealsMaster[Loading Port]),"") -> Beira | E20: ABC 241 SF | F20: AH 421 SF | G20: PETRODA | H20: FELIX VIEGAS | I20: =IFERROR(_xlfn.XLOOKUP($O$5,DealsMaster[Deal No.],DealsMaster[Destination]),"") -> Lusaka | J20: =IFERROR(_xlfn.XLOOKUP($O$5,DealsMaster[Deal No.],DealsMaster[Product]),"") -> PMS | K20: 46077 | L20: 46090 | M20: =IF(OR(K20="",L20=""),"",L20-K20) -> 13 | N20: =$O$6 -> 2 | O20: =IF(AND(C20<>"",K20<>"",K20<C20),"⚠ Arrival < Loaded",IF(AND(K20<>"",L20<>"",L20<K20),"⚠ Offloaded < Arrival",IF(M20="","",IF(M20>N20,"DEMURRAGE","OK")))) -> DEMURRAGE | P20: =IF(M20="","",MAX(0,M20-N20)*$O$7) -> 2750
A21: =$O$5 -> 187296 | B21: =IFERROR(_xlfn.XLOOKUP($O$5,DealsMaster[Deal No.],DealsMaster[Consignee]),"") -> Rubis Energy Zambia | C21: 46073 | D21: =IFERROR(_xlfn.XLOOKUP($O$5,DealsMaster[Deal No.],DealsMaster[Loading Port]),"") -> Beira | E21: ABC 248 SF | F21: AH 418 SF | G21: PETRODA | H21: ARAUJO MARCELINO RAFAEL NOTICE | I21: =IFERROR(_xlfn.XLOOKUP($O$5,DealsMaster[Deal No.],DealsMaster[Destination]),"") -> Lusaka | J21: =IFERROR(_xlfn.XLOOKUP($O$5,DealsMaster[Deal No.],DealsMaster[Product]),"") -> PMS | K21: 46077 | L21: 46087 | M21: =IF(OR(K21="",L21=""),"",L21-K21) -> 10 | N21: =$O$6 -> 2 | O21: =IF(AND(C21<>"",K21<>"",K21<C21),"⚠ Arrival < Loaded",IF(AND(K21<>"",L21<>"",L21<K21),"⚠ Offloaded < Arrival",IF(M21="","",IF(M21>N21,"DEMURRAGE","OK")))) -> DEMURRAGE | P21: =IF(M21="","",MAX(0,M21-N21)*$O$7) -> 2000
A22: TOTAL | P22: =SUBTOTAL(109,P10:P21) -> 21500

Sheet 189084-RUBIS-BEIRA-LSK
C1: =IF(O5=0,"DEMURRAGE CALCULATION — [ENTER DEAL NO. ABOVE]","DEMURRAGE CALCULATION — "&TEXT(O5,"0")&" - "&UPPER(IFERROR(_xlfn.XLOOKUP(O5,DealsMaster[Deal No.],DealsMaster[Consignee]),""))&" - "&UPPER(IFERROR(_xlfn.XLOOKUP(O5,DealsMaster[Deal No.],DealsMaster[Route]),""))) -> DEMURRAGE CALCULATION — 189084 - RUBIS ENERGY ZAMBIA - BEIRA → LUSAKA
C3: KEY METRICS
C4: TOTAL OWED | F4: # IN DEMURRAGE | N4: DEAL DEFAULTS
C5: =SUM('189084-RUBIS-BEIRA-LSK'!$P$10:$P$21) -> 500 | F5: =COUNTIF('189084-RUBIS-BEIRA-LSK'!$O$10:$O$21,"DEMURRAGE")&" / "&COUNTA('189084-RUBIS-BEIRA-LSK'!$A$10:$A$21) -> 2 / 12 | N5: Deal No. | O5: 189084
N6: Laytime (days) | O6: =IFERROR(_xlfn.XLOOKUP($O$5,DealsMaster[Deal No.],DealsMaster[Laytime Allowance (days)]),0) -> 2
N7: Rate (USD/day) | O7: =IFERROR(_xlfn.XLOOKUP($O$5,DealsMaster[Deal No.],DealsMaster[Demurrage Rate (USD/day)]),0) -> 250
A8: HOW TO USE: | B8: 1️⃣ Enter Deal No. in the gold box above → 2️⃣ Fill in truck details (columns C–L) row by row → 3️⃣ Demurrage calculates automatically → 4️⃣ Rename the sheet tab when done
A9: MOCOH Deal No. | B9: Consignee | C9: Date Loaded | D9: Loading Port | E9: Truck No. | F9: Trailer Reg. | G9: Transporter | H9: Driver Name | I9: Destination | J9: Product | K9: Arrival Date at Offloading | L9: Offloaded Date | M9: Total Waiting Days | N9: Laytime Used (days) | O9: Sanity Check | P9: Total Demurrage to Invoice (USD)
A10: =$O$5 -> 189084 | B10: =IFERROR(_xlfn.XLOOKUP($O$5,DealsMaster[Deal No.],DealsMaster[Consignee]),"") -> Rubis Energy Zambia | C10: 46105 | D10: =IFERROR(_xlfn.XLOOKUP($O$5,DealsMaster[Deal No.],DealsMaster[Loading Port]),"") -> Beira | E10: ABC 251 SF | F10: AH 395 SF | G10: Petroda | H10: GERITO AVELINO JOAQUIM | I10: =IFERROR(_xlfn.XLOOKUP($O$5,DealsMaster[Deal No.],DealsMaster[Destination]),"") -> Lusaka | J10: =IFERROR(_xlfn.XLOOKUP($O$5,DealsMaster[Deal No.],DealsMaster[Product]),"") -> PMS | K10: 46110 | L10: 46112 | M10: =IF(OR(K10="",L10=""),"",L10-K10) -> 2 | N10: =$O$6 -> 2 | O10: =IF(AND(C10<>"",K10<>"",K10<C10),"⚠ Arrival < Loaded",IF(AND(K10<>"",L10<>"",L10<K10),"⚠ Offloaded < Arrival",IF(M10="","",IF(M10>N10,"DEMURRAGE","OK")))) -> OK | P10: =IF(M10="","",MAX(0,M10-N10)*$O$7) -> 0
A11: =$O$5 -> 189084 | B11: =IFERROR(_xlfn.XLOOKUP($O$5,DealsMaster[Deal No.],DealsMaster[Consignee]),"") -> Rubis Energy Zambia | C11: 46105 | D11: =IFERROR(_xlfn.XLOOKUP($O$5,DealsMaster[Deal No.],DealsMaster[Loading Port]),"") -> Beira | E11: ABC 255 SF | F11: AH 397 SF | G11: Petroda | H11: EDIMO M.S AINOSSE BOBO | I11: =IFERROR(_xlfn.XLOOKUP($O$5,DealsMaster[Deal No.],DealsMaster[Destination]),"") -> Lusaka | J11: =IFERROR(_xlfn.XLOOKUP($O$5,DealsMaster[Deal No.],DealsMaster[Product]),"") -> PMS | K11: 46110 | L11: 46113 | M11: =IF(OR(K11="",L11=""),"",L11-K11) -> 3 | N11: =$O$6 -> 2 | O11: =IF(AND(C11<>"",K11<>"",K11<C11),"⚠ Arrival < Loaded",IF(AND(K11<>"",L11<>"",L11<K11),"⚠ Offloaded < Arrival",IF(M11="","",IF(M11>N11,"DEMURRAGE","OK")))) -> DEMURRAGE | P11: =IF(M11="","",MAX(0,M11-N11)*$O$7) -> 250
A12: =$O$5 -> 189084 | B12: =IFERROR(_xlfn.XLOOKUP($O$5,DealsMaster[Deal No.],DealsMaster[Consignee]),"") -> Rubis Energy Zambia | C12: 46105 | D12: =IFERROR(_xlfn.XLOOKUP($O$5,DealsMaster[Deal No.],DealsMaster[Loading Port]),"") -> Beira | E12: ABC 282 SF | F12: AH 382 SF | G12: Petroda | H12: BAPTISTA SAENE RUPIA | I12: =IFERROR(_xlfn.XLOOKUP($O$5,DealsMaster[Deal No.],DealsMaster[Destination]),"") -> Lusaka | J12: =IFERROR(_xlfn.XLOOKUP($O$5,DealsMaster[Deal No.],DealsMaster[Product]),"") -> PMS | K12: 46110 | L12: 46113 | M12: =IF(OR(K12="",L12=""),"",L12-K12) -> 3 | N12: =$O$6 -> 2 | O12: =IF(AND(C12<>"",K12<>"",K12<C12),"⚠ Arrival < Loaded",IF(AND(K12<>"",L12<>"",L12<K12),"⚠ Offloaded < Arrival",IF(M12="","",IF(M12>N12,"DEMURRAGE","OK")))) -> DEMURRAGE | P12: =IF(M12="","",MAX(0,M12-N12)*$O$7) -> 250
A13: =$O$5 -> 189084 | B13: =IFERROR(_xlfn.XLOOKUP($O$5,DealsMaster[Deal No.],DealsMaster[Consignee]),"") -> Rubis Energy Zambia | C13: 46105 | D13: =IFERROR(_xlfn.XLOOKUP($O$5,DealsMaster[Deal No.],DealsMaster[Loading Port]),"") -> Beira | E13: ABC 276 SF | F13: AH 416 SF | G13: Petroda | H13: ISSUFO ASSANE AMADE | I13: =IFERROR(_xlfn.XLOOKUP($O$5,DealsMaster[Deal No.],DealsMaster[Destination]),"") -> Lusaka | J13: =IFERROR(_xlfn.XLOOKUP($O$5,DealsMaster[Deal No.],DealsMaster[Product]),"") -> PMS | K13: 46111 | L13: 46112 | M13: =IF(OR(K13="",L13=""),"",L13-K13) -> 1 | N13: =$O$6 -> 2 | O13: =IF(AND(C13<>"",K13<>"",K13<C13),"⚠ Arrival < Loaded",IF(AND(K13<>"",L13<>"",L13<K13),"⚠ Offloaded < Arrival",IF(M13="","",IF(M13>N13,"DEMURRAGE","OK")))) -> OK | P13: =IF(M13="","",MAX(0,M13-N13)*$O$7) -> 0
A14: =$O$5 -> 189084 | B14: =IFERROR(_xlfn.XLOOKUP($O$5,DealsMaster[Deal No.],DealsMaster[Consignee]),"") -> Rubis Energy Zambia | C14: 46107 | D14: =IFERROR(_xlfn.XLOOKUP($O$5,DealsMaster[Deal No.],DealsMaster[Loading Port]),"") -> Beira | E14: ABC 285 SF | F14: AH 461 MC | G14: Petroda | H14: XADREQUE JORGE MAIBEQUE | I14: =IFERROR(_xlfn.XLOOKUP($O$5,DealsMaster[Deal No.],DealsMaster[Destination]),"") -> Lusaka | J14: =IFERROR(_xlfn.XLOOKUP($O$5,DealsMaster[Deal No.],DealsMaster[Product]),"") -> PMS | K14: 46111 | L14: 46113 | M14: =IF(OR(K14="",L14=""),"",L14-K14) -> 2 | N14: =$O$6 -> 2 | O14: =IF(AND(C14<>"",K14<>"",K14<C14),"⚠ Arrival < Loaded",IF(AND(K14<>"",L14<>"",L14<K14),"⚠ Offloaded < Arrival",IF(M14="","",IF(M14>N14,"DEMURRAGE","OK")))) -> OK | P14: =IF(M14="","",MAX(0,M14-N14)*$O$7) -> 0
A15: =$O$5 -> 189084 | B15: =IFERROR(_xlfn.XLOOKUP($O$5,DealsMaster[Deal No.],DealsMaster[Consignee]),"") -> Rubis Energy Zambia | C15: 46106 | D15: =IFERROR(_xlfn.XLOOKUP($O$5,DealsMaster[Deal No.],DealsMaster[Loading Port]),"") -> Beira | E15: ABC 286 SF | F15: AH 406 SF | G15: Petroda | H15: FERRAO AGOSTINHO SALICUCHEPA | I15: =IFERROR(_xlfn.XLOOKUP($O$5,DealsMaster[Deal No.],DealsMaster[Destination]),"") -> Lusaka | J15: =IFERROR(_xlfn.XLOOKUP($O$5,DealsMaster[Deal No.],DealsMaster[Product]),"") -> PMS | K15: 46112 | L15: 46113 | M15: =IF(OR(K15="",L15=""),"",L15-K15) -> 1 | N15: =$O$6 -> 2 | O15: =IF(AND(C15<>"",K15<>"",K15<C15),"⚠ Arrival < Loaded",IF(AND(K15<>"",L15<>"",L15<K15),"⚠ Offloaded < Arrival",IF(M15="","",IF(M15>N15,"DEMURRAGE","OK")))) -> OK | P15: =IF(M15="","",MAX(0,M15-N15)*$O$7) -> 0
A16: =$O$5 -> 189084 | B16: =IFERROR(_xlfn.XLOOKUP($O$5,DealsMaster[Deal No.],DealsMaster[Consignee]),"") -> Rubis Energy Zambia | C16: 46108 | D16: =IFERROR(_xlfn.XLOOKUP($O$5,DealsMaster[Deal No.],DealsMaster[Loading Port]),"") -> Beira | E16: ABC 237 SF | F16: AH 393 SF | G16: Petroda | H16: Issufo Paulino | I16: =IFERROR(_xlfn.XLOOKUP($O$5,DealsMaster[Deal No.],DealsMaster[Destination]),"") -> Lusaka | J16: =IFERROR(_xlfn.XLOOKUP($O$5,DealsMaster[Deal No.],DealsMaster[Product]),"") -> PMS | K16: 46114 | L16: 46114 | M16: =IF(OR(K16="",L16=""),"",L16-K16) -> 0 | N16: =$O$6 -> 2 | O16: =IF(AND(C16<>"",K16<>"",K16<C16),"⚠ Arrival < Loaded",IF(AND(K16<>"",L16<>"",L16<K16),"⚠ Offloaded < Arrival",IF(M16="","",IF(M16>N16,"DEMURRAGE","OK")))) -> OK | P16: =IF(M16="","",MAX(0,M16-N16)*$O$7) -> 0
A17: =$O$5 -> 189084 | B17: =IFERROR(_xlfn.XLOOKUP($O$5,DealsMaster[Deal No.],DealsMaster[Consignee]),"") -> Rubis Energy Zambia | C17: 46109 | D17: =IFERROR(_xlfn.XLOOKUP($O$5,DealsMaster[Deal No.],DealsMaster[Loading Port]),"") -> Beira | E17: AKN 811 MC | F17: AH 419 MC | G17: Petroda | H17: SAMUEL LOTI MATABWA | I17: =IFERROR(_xlfn.XLOOKUP($O$5,DealsMaster[Deal No.],DealsMaster[Destination]),"") -> Lusaka | J17: =IFERROR(_xlfn.XLOOKUP($O$5,DealsMaster[Deal No.],DealsMaster[Product]),"") -> PMS | K17: 46114 | L17: 46114 | M17: =IF(OR(K17="",L17=""),"",L17-K17) -> 0 | N17: =$O$6 -> 2 | O17: =IF(AND(C17<>"",K17<>"",K17<C17),"⚠ Arrival < Loaded",IF(AND(K17<>"",L17<>"",L17<K17),"⚠ Offloaded < Arrival",IF(M17="","",IF(M17>N17,"DEMURRAGE","OK")))) -> OK | P17: =IF(M17="","",MAX(0,M17-N17)*$O$7) -> 0
A18: =$O$5 -> 189084 | B18: =IFERROR(_xlfn.XLOOKUP($O$5,DealsMaster[Deal No.],DealsMaster[Consignee]),"") -> Rubis Energy Zambia | C18: 46109 | D18: =IFERROR(_xlfn.XLOOKUP($O$5,DealsMaster[Deal No.],DealsMaster[Loading Port]),"") -> Beira | E18: ABC 283 SF | F18: AH 383 SF | G18: Petroda | H18: WILLIAMO MALISHE | I18: =IFERROR(_xlfn.XLOOKUP($O$5,DealsMaster[Deal No.],DealsMaster[Destination]),"") -> Lusaka | J18: =IFERROR(_xlfn.XLOOKUP($O$5,DealsMaster[Deal No.],DealsMaster[Product]),"") -> PMS | K18: 46114 | L18: 46114 | M18: =IF(OR(K18="",L18=""),"",L18-K18) -> 0 | N18: =$O$6 -> 2 | O18: =IF(AND(C18<>"",K18<>"",K18<C18),"⚠ Arrival < Loaded",IF(AND(K18<>"",L18<>"",L18<K18),"⚠ Offloaded < Arrival",IF(M18="","",IF(M18>N18,"DEMURRAGE","OK")))) -> OK | P18: =IF(M18="","",MAX(0,M18-N18)*$O$7) -> 0
A19: =$O$5 -> 189084 | B19: =IFERROR(_xlfn.XLOOKUP($O$5,DealsMaster[Deal No.],DealsMaster[Consignee]),"") -> Rubis Energy Zambia | C19: 46110 | D19: =IFERROR(_xlfn.XLOOKUP($O$5,DealsMaster[Deal No.],DealsMaster[Loading Port]),"") -> Beira | E19: AAO 766 SF | F19: AH 440 MC | G19: Petroda | H19: DOMINGOS FRANCISCO ARGOLA | I19: =IFERROR(_xlfn.XLOOKUP($O$5,DealsMaster[Deal No.],DealsMaster[Destination]),"") -> Lusaka | J19: =IFERROR(_xlfn.XLOOKUP($O$5,DealsMaster[Deal No.],DealsMaster[Product]),"") -> PMS | K19: 46114 | L19: 46114 | M19: =IF(OR(K19="",L19=""),"",L19-K19) -> 0 | N19: =$O$6 -> 2 | O19: =IF(AND(C19<>"",K19<>"",K19<C19),"⚠ Arrival < Loaded",IF(AND(K19<>"",L19<>"",L19<K19),"⚠ Offloaded < Arrival",IF(M19="","",IF(M19>N19,"DEMURRAGE","OK")))) -> OK | P19: =IF(M19="","",MAX(0,M19-N19)*$O$7) -> 0
A20: =$O$5 -> 189084 | B20: =IFERROR(_xlfn.XLOOKUP($O$5,DealsMaster[Deal No.],DealsMaster[Consignee]),"") -> Rubis Energy Zambia | C20: 46110 | D20: =IFERROR(_xlfn.XLOOKUP($O$5,DealsMaster[Deal No.],DealsMaster[Loading Port]),"") -> Beira | E20: AKN 003 MC | F20: AH 426 MC | G20: Petroda | H20: GUERRA JULIAO | I20: =IFERROR(_xlfn.XLOOKUP($O$5,DealsMaster[Deal No.],DealsMaster[Destination]),"") -> Lusaka | J20: =IFERROR(_xlfn.XLOOKUP($O$5,DealsMaster[Deal No.],DealsMaster[Product]),"") -> PMS | K20: 46114 | L20: 46114 | M20: =IF(OR(K20="",L20=""),"",L20-K20) -> 0 | N20: =$O$6 -> 2 | O20: =IF(AND(C20<>"",K20<>"",K20<C20),"⚠ Arrival < Loaded",IF(AND(K20<>"",L20<>"",L20<K20),"⚠ Offloaded < Arrival",IF(M20="","",IF(M20>N20,"DEMURRAGE","OK")))) -> OK | P20: =IF(M20="","",MAX(0,M20-N20)*$O$7) -> 0
A21: =$O$5 -> 189084 | B21: =IFERROR(_xlfn.XLOOKUP($O$5,DealsMaster[Deal No.],DealsMaster[Consignee]),"") -> Rubis Energy Zambia | C21: 46108 | D21: =IFERROR(_xlfn.XLOOKUP($O$5,DealsMaster[Deal No.],DealsMaster[Loading Port]),"") -> Beira | E21: AKO 144 MC | F21: AH 414 MC | G21: Petroda | H21: CAPESSE LUIS CAPESSE | I21: =IFERROR(_xlfn.XLOOKUP($O$5,DealsMaster[Deal No.],DealsMaster[Destination]),"") -> Lusaka | J21: =IFERROR(_xlfn.XLOOKUP($O$5,DealsMaster[Deal No.],DealsMaster[Product]),"") -> PMS | K21: 46115 | L21: 46116 | M21: =IF(OR(K21="",L21=""),"",L21-K21) -> 1 | N21: =$O$6 -> 2 | O21: =IF(AND(C21<>"",K21<>"",K21<C21),"⚠ Arrival < Loaded",IF(AND(K21<>"",L21<>"",L21<K21),"⚠ Offloaded < Arrival",IF(M21="","",IF(M21>N21,"DEMURRAGE","OK")))) -> OK | P21: =IF(M21="","",MAX(0,M21-N21)*$O$7) -> 0
A22: TOTAL | P22: =SUBTOTAL(109,P10:P21) -> 500

Sheet 190261-LAKE-BEIRA-LSK
C1: =IF(O5=0,"DEMURRAGE CALCULATION — [ENTER DEAL NO. ABOVE]","DEMURRAGE CALCULATION — "&TEXT(O5,"0")&" - "&UPPER(IFERROR(_xlfn.XLOOKUP(O5,DealsMaster[Deal No.],DealsMaster[Consignee]),""))&" - "&UPPER(IFERROR(_xlfn.XLOOKUP(O5,DealsMaster[Deal No.],DealsMaster[Route]),""))) -> DEMURRAGE CALCULATION — 190261 - LAKE PETROLEUM ZAMBIA - BEIRA → LUSAKA
C3: KEY METRICS
C4: TOTAL OWED | F4: # IN DEMURRAGE | N4: DEAL DEFAULTS
C5: =SUM('190261-LAKE-BEIRA-LSK'!$P$10:$P$31) -> 0 | F5: =COUNTIF('190261-LAKE-BEIRA-LSK'!$O$10:$O$31,"DEMURRAGE")&" / "&COUNTA('190261-LAKE-BEIRA-LSK'!$A$10:$A$31) -> 0 / 22 | N5: Deal No. | O5: 190261
N6: Laytime (days) | O6: =IFERROR(_xlfn.XLOOKUP($O$5,DealsMaster[Deal No.],DealsMaster[Laytime Allowance (days)]),0) -> 2
N7: Rate (USD/day) | O7: =IFERROR(_xlfn.XLOOKUP($O$5,DealsMaster[Deal No.],DealsMaster[Demurrage Rate (USD/day)]),0) -> 250
A8: HOW TO USE: | B8: 1️⃣ Enter Deal No. in the gold box above → 2️⃣ Fill in truck details (columns C–L) row by row → 3️⃣ Demurrage calculates automatically → 4️⃣ Rename the sheet tab when done
A9: MOCOH Deal No. | B9: Consignee | C9: Date Loaded | D9: Loading Port | E9: Truck No. | F9: Trailer Reg. | G9: Transporter | H9: Driver Name | I9: Destination | J9: Product | K9: Arrival Date at Offloading | L9: Offloaded Date | M9: Total Waiting Days | N9: Laytime Used (days) | O9: Sanity Check | P9: Total Demurrage to Invoice (USD)
A10: =$O$5 -> 190261 | B10: =IFERROR(_xlfn.XLOOKUP($O$5,DealsMaster[Deal No.],DealsMaster[Consignee]),"") -> Lake Petroleum Zambia | C10: 46149 | D10: =IFERROR(_xlfn.XLOOKUP($O$5,DealsMaster[Deal No.],DealsMaster[Loading Port]),"") -> Beira | E10: CAJ-4204 ZM | F10: CAJ-4195 ZM | G10: OASIS | H10: CHARLES PHIRI | I10: =IFERROR(_xlfn.XLOOKUP($O$5,DealsMaster[Deal No.],DealsMaster[Destination]),"") -> Lusaka | J10: =IFERROR(_xlfn.XLOOKUP($O$5,DealsMaster[Deal No.],DealsMaster[Product]),"") -> PMS | K10: 46152 | M10: =IF(OR(K10="",L10=""),"",L10-K10) | N10: =$O$6 -> 2 | O10: =IF(AND(C10<>"",K10<>"",K10<C10),"⚠ Arrival < Loaded",IF(AND(K10<>"",L10<>"",L10<K10),"⚠ Offloaded < Arrival",IF(M10="","",IF(M10>N10,"DEMURRAGE","OK")))) | P10: =IF(M10="","",MAX(0,M10-N10)*$O$7)
A11: =$O$5 -> 190261 | B11: =IFERROR(_xlfn.XLOOKUP($O$5,DealsMaster[Deal No.],DealsMaster[Consignee]),"") -> Lake Petroleum Zambia | C11: 46147 | D11: =IFERROR(_xlfn.XLOOKUP($O$5,DealsMaster[Deal No.],DealsMaster[Loading Port]),"") -> Beira | E11: CAJ-4325 ZM | F11: CAJ-4321 ZM | G11: OASIS | H11: RAJ HILLARY DESAI | I11: =IFERROR(_xlfn.XLOOKUP($O$5,DealsMaster[Deal No.],DealsMaster[Destination]),"") -> Lusaka | J11: =IFERROR(_xlfn.XLOOKUP($O$5,DealsMaster[Deal No.],DealsMaster[Product]),"") -> PMS | K11: 46152 | M11: =IF(OR(K11="",L11=""),"",L11-K11) | N11: =$O$6 -> 2 | O11: =IF(AND(C11<>"",K11<>"",K11<C11),"⚠ Arrival < Loaded",IF(AND(K11<>"",L11<>"",L11<K11),"⚠ Offloaded < Arrival",IF(M11="","",IF(M11>N11,"DEMURRAGE","OK")))) | P11: =IF(M11="","",MAX(0,M11-N11)*$O$7)
A12: =$O$5 -> 190261 | B12: =IFERROR(_xlfn.XLOOKUP($O$5,DealsMaster[Deal No.],DealsMaster[Consignee]),"") -> Lake Petroleum Zambia | C12: 46151 | D12: =IFERROR(_xlfn.XLOOKUP($O$5,DealsMaster[Deal No.],DealsMaster[Loading Port]),"") -> Beira | E12: CAF-8484ZM | F12: CAF-8530ZM | G12: OASIS | H12: STEVEN BANDA | I12: =IFERROR(_xlfn.XLOOKUP($O$5,DealsMaster[Deal No.],DealsMaster[Destination]),"") -> Lusaka | J12: =IFERROR(_xlfn.XLOOKUP($O$5,DealsMaster[Deal No.],DealsMaster[Product]),"") -> PMS | M12: =IF(OR(K12="",L12=""),"",L12-K12) | N12: =$O$6 -> 2 | O12: =IF(AND(C12<>"",K12<>"",K12<C12),"⚠ Arrival < Loaded",IF(AND(K12<>"",L12<>"",L12<K12),"⚠ Offloaded < Arrival",IF(M12="","",IF(M12>N12,"DEMURRAGE","OK")))) | P12: =IF(M12="","",MAX(0,M12-N12)*$O$7)
A13: =$O$5 -> 190261 | B13: =IFERROR(_xlfn.XLOOKUP($O$5,DealsMaster[Deal No.],DealsMaster[Consignee]),"") -> Lake Petroleum Zambia | C13: 46149 | D13: =IFERROR(_xlfn.XLOOKUP($O$5,DealsMaster[Deal No.],DealsMaster[Loading Port]),"") -> Beira | E13: CAJ-4322 ZM | F13: CAJ-4323 ZM | G13: OASIS | H13: STEVE KANENGO | I13: =IFERROR(_xlfn.XLOOKUP($O$5,DealsMaster[Deal No.],DealsMaster[Destination]),"") -> Lusaka | J13: =IFERROR(_xlfn.XLOOKUP($O$5,DealsMaster[Deal No.],DealsMaster[Product]),"") -> PMS | K13: 46152 | M13: =IF(OR(K13="",L13=""),"",L13-K13) | N13: =$O$6 -> 2 | O13: =IF(AND(C13<>"",K13<>"",K13<C13),"⚠ Arrival < Loaded",IF(AND(K13<>"",L13<>"",L13<K13),"⚠ Offloaded < Arrival",IF(M13="","",IF(M13>N13,"DEMURRAGE","OK")))) | P13: =IF(M13="","",MAX(0,M13-N13)*$O$7)
A14: =$O$5 -> 190261 | B14: =IFERROR(_xlfn.XLOOKUP($O$5,DealsMaster[Deal No.],DealsMaster[Consignee]),"") -> Lake Petroleum Zambia | C14: 46147 | D14: =IFERROR(_xlfn.XLOOKUP($O$5,DealsMaster[Deal No.],DealsMaster[Loading Port]),"") -> Beira | E14: CAJ-4194ZM | F14: CAJ-4191ZM | G14: OASIS | H14: JOCKONIA SAKALA | I14: =IFERROR(_xlfn.XLOOKUP($O$5,DealsMaster[Deal No.],DealsMaster[Destination]),"") -> Lusaka | J14: =IFERROR(_xlfn.XLOOKUP($O$5,DealsMaster[Deal No.],DealsMaster[Product]),"") -> PMS | K14: 46151 | M14: =IF(OR(K14="",L14=""),"",L14-K14) | N14: =$O$6 -> 2 | O14: =IF(AND(C14<>"",K14<>"",K14<C14),"⚠ Arrival < Loaded",IF(AND(K14<>"",L14<>"",L14<K14),"⚠ Offloaded < Arrival",IF(M14="","",IF(M14>N14,"DEMURRAGE","OK")))) | P14: =IF(M14="","",MAX(0,M14-N14)*$O$7)
A15: =$O$5 -> 190261 | B15: =IFERROR(_xlfn.XLOOKUP($O$5,DealsMaster[Deal No.],DealsMaster[Consignee]),"") -> Lake Petroleum Zambia | C15: 46149 | D15: =IFERROR(_xlfn.XLOOKUP($O$5,DealsMaster[Deal No.],DealsMaster[Loading Port]),"") -> Beira | E15: CAJ-4196 ZM | F15: CAJ-4189 ZM | G15: OASIS | H15: CHILESHE MUTALE | I15: =IFERROR(_xlfn.XLOOKUP($O$5,DealsMaster[Deal No.],DealsMaster[Destination]),"") -> Lusaka | J15: =IFERROR(_xlfn.XLOOKUP($O$5,DealsMaster[Deal No.],DealsMaster[Product]),"") -> PMS | K15: 46152 | M15: =IF(OR(K15="",L15=""),"",L15-K15) | N15: =$O$6 -> 2 | O15: =IF(AND(C15<>"",K15<>"",K15<C15),"⚠ Arrival < Loaded",IF(AND(K15<>"",L15<>"",L15<K15),"⚠ Offloaded < Arrival",IF(M15="","",IF(M15>N15,"DEMURRAGE","OK")))) | P15: =IF(M15="","",MAX(0,M15-N15)*$O$7)
A16: =$O$5 -> 190261 | B16: =IFERROR(_xlfn.XLOOKUP($O$5,DealsMaster[Deal No.],DealsMaster[Consignee]),"") -> Lake Petroleum Zambia | C16: 46147 | D16: =IFERROR(_xlfn.XLOOKUP($O$5,DealsMaster[Deal No.],DealsMaster[Loading Port]),"") -> Beira | E16: CAJ-7173 ZM | F16: CAJ-7186 ZM | G16: OASIS | H16: MWACHATUBA ERIC MALUSA | I16: =IFERROR(_xlfn.XLOOKUP($O$5,DealsMaster[Deal No.],DealsMaster[Destination]),"") -> Lusaka | J16: =IFERROR(_xlfn.XLOOKUP($O$5,DealsMaster[Deal No.],DealsMaster[Product]),"") -> PMS | K16: 46151 | M16: =IF(OR(K16="",L16=""),"",L16-K16) | N16: =$O$6 -> 2 | O16: =IF(AND(C16<>"",K16<>"",K16<C16),"⚠ Arrival < Loaded",IF(AND(K16<>"",L16<>"",L16<K16),"⚠ Offloaded < Arrival",IF(M16="","",IF(M16>N16,"DEMURRAGE","OK")))) | P16: =IF(M16="","",MAX(0,M16-N16)*$O$7)
A17: =$O$5 -> 190261 | B17: =IFERROR(_xlfn.XLOOKUP($O$5,DealsMaster[Deal No.],DealsMaster[Consignee]),"") -> Lake Petroleum Zambia | C17: 46148 | D17: =IFERROR(_xlfn.XLOOKUP($O$5,DealsMaster[Deal No.],DealsMaster[Loading Port]),"") -> Beira | E17: CAJ-7191 ZM | F17: CAJ-7179 ZM | G17: OASIS | H17: PHILLIMON NKHOMA | I17: =IFERROR(_xlfn.XLOOKUP($O$5,DealsMaster[Deal No.],DealsMaster[Destination]),"") -> Lusaka | J17: =IFERROR(_xlfn.XLOOKUP($O$5,DealsMaster[Deal No.],DealsMaster[Product]),"") -> PMS | K17: 46151 | M17: =IF(OR(K17="",L17=""),"",L17-K17) | N17: =$O$6 -> 2 | O17: =IF(AND(C17<>"",K17<>"",K17<C17),"⚠ Arrival < Loaded",IF(AND(K17<>"",L17<>"",L17<K17),"⚠ Offloaded < Arrival",IF(M17="","",IF(M17>N17,"DEMURRAGE","OK")))) | P17: =IF(M17="","",MAX(0,M17-N17)*$O$7)
A18: =$O$5 -> 190261 | B18: =IFERROR(_xlfn.XLOOKUP($O$5,DealsMaster[Deal No.],DealsMaster[Consignee]),"") -> Lake Petroleum Zambia | C18: 46149 | D18: =IFERROR(_xlfn.XLOOKUP($O$5,DealsMaster[Deal No.],DealsMaster[Loading Port]),"") -> Beira | E18: CAJ-4193ZM | F18: BAZ-5057ZM | G18: OASIS | H18: LAFTON SHIPUNGA | I18: =IFERROR(_xlfn.XLOOKUP($O$5,DealsMaster[Deal No.],DealsMaster[Destination]),"") -> Lusaka | J18: =IFERROR(_xlfn.XLOOKUP($O$5,DealsMaster[Deal No.],DealsMaster[Product]),"") -> PMS | K18: 46152 | M18: =IF(OR(K18="",L18=""),"",L18-K18) | N18: =$O$6 -> 2 | O18: =IF(AND(C18<>"",K18<>"",K18<C18),"⚠ Arrival < Loaded",IF(AND(K18<>"",L18<>"",L18<K18),"⚠ Offloaded < Arrival",IF(M18="","",IF(M18>N18,"DEMURRAGE","OK")))) | P18: =IF(M18="","",MAX(0,M18-N18)*$O$7)
A19: =$O$5 -> 190261 | B19: =IFERROR(_xlfn.XLOOKUP($O$5,DealsMaster[Deal No.],DealsMaster[Consignee]),"") -> Lake Petroleum Zambia | C19: 46147 | D19: =IFERROR(_xlfn.XLOOKUP($O$5,DealsMaster[Deal No.],DealsMaster[Loading Port]),"") -> Beira | E19: CAJ-4324 ZM | F19: CAJ-4326 ZM | G19: OASIS | H19: MICHEAL MAKEPESHI | I19: =IFERROR(_xlfn.XLOOKUP($O$5,DealsMaster[Deal No.],DealsMaster[Destination]),"") -> Lusaka | J19: =IFERROR(_xlfn.XLOOKUP($O$5,DealsMaster[Deal No.],DealsMaster[Product]),"") -> PMS | K19: 46151 | M19: =IF(OR(K19="",L19=""),"",L19-K19) | N19: =$O$6 -> 2 | O19: =IF(AND(C19<>"",K19<>"",K19<C19),"⚠ Arrival < Loaded",IF(AND(K19<>"",L19<>"",L19<K19),"⚠ Offloaded < Arrival",IF(M19="","",IF(M19>N19,"DEMURRAGE","OK")))) | P19: =IF(M19="","",MAX(0,M19-N19)*$O$7)
A20: =$O$5 -> 190261 | B20: =IFERROR(_xlfn.XLOOKUP($O$5,DealsMaster[Deal No.],DealsMaster[Consignee]),"") -> Lake Petroleum Zambia | D20: =IFERROR(_xlfn.XLOOKUP($O$5,DealsMaster[Deal No.],DealsMaster[Loading Port]),"") -> Beira | I20: =IFERROR(_xlfn.XLOOKUP($O$5,DealsMaster[Deal No.],DealsMaster[Destination]),"") -> Lusaka | J20: =IFERROR(_xlfn.XLOOKUP($O$5,DealsMaster[Deal No.],DealsMaster[Product]),"") -> PMS | M20: =IF(OR(K20="",L20=""),"",L20-K20) | N20: =$O$6 -> 2 | O20: =IF(AND(C20<>"",K20<>"",K20<C20),"⚠ Arrival < Loaded",IF(AND(K20<>"",L20<>"",L20<K20),"⚠ Offloaded < Arrival",IF(M20="","",IF(M20>N20,"DEMURRAGE","OK")))) | P20: =IF(M20="","",MAX(0,M20-N20)*$O$7)
A21: =$O$5 -> 190261 | B21: =IFERROR(_xlfn.XLOOKUP($O$5,DealsMaster[Deal No.],DealsMaster[Consignee]),"") -> Lake Petroleum Zambia | D21: =IFERROR(_xlfn.XLOOKUP($O$5,DealsMaster[Deal No.],DealsMaster[Loading Port]),"") -> Beira | I21: =IFERROR(_xlfn.XLOOKUP($O$5,DealsMaster[Deal No.],DealsMaster[Destination]),"") -> Lusaka | J21: =IFERROR(_xlfn.XLOOKUP($O$5,DealsMaster[Deal No.],DealsMaster[Product]),"") -> PMS | M21: =IF(OR(K21="",L21=""),"",L21-K21) | N21: =$O$6 -> 2 | O21: =IF(AND(C21<>"",K21<>"",K21<C21),"⚠ Arrival < Loaded",IF(AND(K21<>"",L21<>"",L21<K21),"⚠ Offloaded < Arrival",IF(M21="","",IF(M21>N21,"DEMURRAGE","OK")))) | P21: =IF(M21="","",MAX(0,M21-N21)*$O$7)
A22: =$O$5 -> 190261 | B22: =IFERROR(_xlfn.XLOOKUP($O$5,DealsMaster[Deal No.],DealsMaster[Consignee]),"") -> Lake Petroleum Zambia | D22: =IFERROR(_xlfn.XLOOKUP($O$5,DealsMaster[Deal No.],DealsMaster[Loading Port]),"") -> Beira | I22: =IFERROR(_xlfn.XLOOKUP($O$5,DealsMaster[Deal No.],DealsMaster[Destination]),"") -> Lusaka | J22: =IFERROR(_xlfn.XLOOKUP($O$5,DealsMaster[Deal No.],DealsMaster[Product]),"") -> PMS | M22: =IF(OR(K22="",L22=""),"",L22-K22) | N22: =$O$6 -> 2 | O22: =IF(AND(C22<>"",K22<>"",K22<C22),"⚠ Arrival < Loaded",IF(AND(K22<>"",L22<>"",L22<K22),"⚠ Offloaded < Arrival",IF(M22="","",IF(M22>N22,"DEMURRAGE","OK")))) | P22: =IF(M22="","",MAX(0,M22-N22)*$O$7)
A23: =$O$5 -> 190261 | B23: =IFERROR(_xlfn.XLOOKUP($O$5,DealsMaster[Deal No.],DealsMaster[Consignee]),"") -> Lake Petroleum Zambia | D23: =IFERROR(_xlfn.XLOOKUP($O$5,DealsMaster[Deal No.],DealsMaster[Loading Port]),"") -> Beira | I23: =IFERROR(_xlfn.XLOOKUP($O$5,DealsMaster[Deal No.],DealsMaster[Destination]),"") -> Lusaka | J23: =IFERROR(_xlfn.XLOOKUP($O$5,DealsMaster[Deal No.],DealsMaster[Product]),"") -> PMS | M23: =IF(OR(K23="",L23=""),"",L23-K23) | N23: =$O$6 -> 2 | O23: =IF(AND(C23<>"",K23<>"",K23<C23),"⚠ Arrival < Loaded",IF(AND(K23<>"",L23<>"",L23<K23),"⚠ Offloaded < Arrival",IF(M23="","",IF(M23>N23,"DEMURRAGE","OK")))) | P23: =IF(M23="","",MAX(0,M23-N23)*$O$7)
A24: =$O$5 -> 190261 | B24: =IFERROR(_xlfn.XLOOKUP($O$5,DealsMaster[Deal No.],DealsMaster[Consignee]),"") -> Lake Petroleum Zambia | D24: =IFERROR(_xlfn.XLOOKUP($O$5,DealsMaster[Deal No.],DealsMaster[Loading Port]),"") -> Beira | I24: =IFERROR(_xlfn.XLOOKUP($O$5,DealsMaster[Deal No.],DealsMaster[Destination]),"") -> Lusaka | J24: =IFERROR(_xlfn.XLOOKUP($O$5,DealsMaster[Deal No.],DealsMaster[Product]),"") -> PMS | M24: =IF(OR(K24="",L24=""),"",L24-K24) | N24: =$O$6 -> 2 | O24: =IF(AND(C24<>"",K24<>"",K24<C24),"⚠ Arrival < Loaded",IF(AND(K24<>"",L24<>"",L24<K24),"⚠ Offloaded < Arrival",IF(M24="","",IF(M24>N24,"DEMURRAGE","OK")))) | P24: =IF(M24="","",MAX(0,M24-N24)*$O$7)
A25: =$O$5 -> 190261 | B25: =IFERROR(_xlfn.XLOOKUP($O$5,DealsMaster[Deal No.],DealsMaster[Consignee]),"") -> Lake Petroleum Zambia | D25: =IFERROR(_xlfn.XLOOKUP($O$5,DealsMaster[Deal No.],DealsMaster[Loading Port]),"") -> Beira | I25: =IFERROR(_xlfn.XLOOKUP($O$5,DealsMaster[Deal No.],DealsMaster[Destination]),"") -> Lusaka | J25: =IFERROR(_xlfn.XLOOKUP($O$5,DealsMaster[Deal No.],DealsMaster[Product]),"") -> PMS | M25: =IF(OR(K25="",L25=""),"",L25-K25) | N25: =$O$6 -> 2 | O25: =IF(AND(C25<>"",K25<>"",K25<C25),"⚠ Arrival < Loaded",IF(AND(K25<>"",L25<>"",L25<K25),"⚠ Offloaded < Arrival",IF(M25="","",IF(M25>N25,"DEMURRAGE","OK")))) | P25: =IF(M25="","",MAX(0,M25-N25)*$O$7)
A26: =$O$5 -> 190261 | B26: =IFERROR(_xlfn.XLOOKUP($O$5,DealsMaster[Deal No.],DealsMaster[Consignee]),"") -> Lake Petroleum Zambia | D26: =IFERROR(_xlfn.XLOOKUP($O$5,DealsMaster[Deal No.],DealsMaster[Loading Port]),"") -> Beira | I26: =IFERROR(_xlfn.XLOOKUP($O$5,DealsMaster[Deal No.],DealsMaster[Destination]),"") -> Lusaka | J26: =IFERROR(_xlfn.XLOOKUP($O$5,DealsMaster[Deal No.],DealsMaster[Product]),"") -> PMS | M26: =IF(OR(K26="",L26=""),"",L26-K26) | N26: =$O$6 -> 2 | O26: =IF(AND(C26<>"",K26<>"",K26<C26),"⚠ Arrival < Loaded",IF(AND(K26<>"",L26<>"",L26<K26),"⚠ Offloaded < Arrival",IF(M26="","",IF(M26>N26,"DEMURRAGE","OK")))) | P26: =IF(M26="","",MAX(0,M26-N26)*$O$7)
A27: =$O$5 -> 190261 | B27: =IFERROR(_xlfn.XLOOKUP($O$5,DealsMaster[Deal No.],DealsMaster[Consignee]),"") -> Lake Petroleum Zambia | D27: =IFERROR(_xlfn.XLOOKUP($O$5,DealsMaster[Deal No.],DealsMaster[Loading Port]),"") -> Beira | I27: =IFERROR(_xlfn.XLOOKUP($O$5,DealsMaster[Deal No.],DealsMaster[Destination]),"") -> Lusaka | J27: =IFERROR(_xlfn.XLOOKUP($O$5,DealsMaster[Deal No.],DealsMaster[Product]),"") -> PMS | M27: =IF(OR(K27="",L27=""),"",L27-K27) | N27: =$O$6 -> 2 | O27: =IF(AND(C27<>"",K27<>"",K27<C27),"⚠ Arrival < Loaded",IF(AND(K27<>"",L27<>"",L27<K27),"⚠ Offloaded < Arrival",IF(M27="","",IF(M27>N27,"DEMURRAGE","OK")))) | P27: =IF(M27="","",MAX(0,M27-N27)*$O$7)
A28: =$O$5 -> 190261 | B28: =IFERROR(_xlfn.XLOOKUP($O$5,DealsMaster[Deal No.],DealsMaster[Consignee]),"") -> Lake Petroleum Zambia | D28: =IFERROR(_xlfn.XLOOKUP($O$5,DealsMaster[Deal No.],DealsMaster[Loading Port]),"") -> Beira | I28: =IFERROR(_xlfn.XLOOKUP($O$5,DealsMaster[Deal No.],DealsMaster[Destination]),"") -> Lusaka | J28: =IFERROR(_xlfn.XLOOKUP($O$5,DealsMaster[Deal No.],DealsMaster[Product]),"") -> PMS | M28: =IF(OR(K28="",L28=""),"",L28-K28) | N28: =$O$6 -> 2 | O28: =IF(AND(C28<>"",K28<>"",K28<C28),"⚠ Arrival < Loaded",IF(AND(K28<>"",L28<>"",L28<K28),"⚠ Offloaded < Arrival",IF(M28="","",IF(M28>N28,"DEMURRAGE","OK")))) | P28: =IF(M28="","",MAX(0,M28-N28)*$O$7)
A29: =$O$5 -> 190261 | B29: =IFERROR(_xlfn.XLOOKUP($O$5,DealsMaster[Deal No.],DealsMaster[Consignee]),"") -> Lake Petroleum Zambia | D29: =IFERROR(_xlfn.XLOOKUP($O$5,DealsMaster[Deal No.],DealsMaster[Loading Port]),"") -> Beira | I29: =IFERROR(_xlfn.XLOOKUP($O$5,DealsMaster[Deal No.],DealsMaster[Destination]),"") -> Lusaka | J29: =IFERROR(_xlfn.XLOOKUP($O$5,DealsMaster[Deal No.],DealsMaster[Product]),"") -> PMS | M29: =IF(OR(K29="",L29=""),"",L29-K29) | N29: =$O$6 -> 2 | O29: =IF(AND(C29<>"",K29<>"",K29<C29),"⚠ Arrival < Loaded",IF(AND(K29<>"",L29<>"",L29<K29),"⚠ Offloaded < Arrival",IF(M29="","",IF(M29>N29,"DEMURRAGE","OK")))) | P29: =IF(M29="","",MAX(0,M29-N29)*$O$7)
A30: =$O$5 -> 190261 | B30: =IFERROR(_xlfn.XLOOKUP($O$5,DealsMaster[Deal No.],DealsMaster[Consignee]),"") -> Lake Petroleum Zambia | D30: =IFERROR(_xlfn.XLOOKUP($O$5,DealsMaster[Deal No.],DealsMaster[Loading Port]),"") -> Beira | I30: =IFERROR(_xlfn.XLOOKUP($O$5,DealsMaster[Deal No.],DealsMaster[Destination]),"") -> Lusaka | J30: =IFERROR(_xlfn.XLOOKUP($O$5,DealsMaster[Deal No.],DealsMaster[Product]),"") -> PMS | M30: =IF(OR(K30="",L30=""),"",L30-K30) | N30: =$O$6 -> 2 | O30: =IF(AND(C30<>"",K30<>"",K30<C30),"⚠ Arrival < Loaded",IF(AND(K30<>"",L30<>"",L30<K30),"⚠ Offloaded < Arrival",IF(M30="","",IF(M30>N30,"DEMURRAGE","OK")))) | P30: =IF(M30="","",MAX(0,M30-N30)*$O$7)
A31: =$O$5 -> 190261 | B31: =IFERROR(_xlfn.XLOOKUP($O$5,DealsMaster[Deal No.],DealsMaster[Consignee]),"") -> Lake Petroleum Zambia | D31: =IFERROR(_xlfn.XLOOKUP($O$5,DealsMaster[Deal No.],DealsMaster[Loading Port]),"") -> Beira | I31: =IFERROR(_xlfn.XLOOKUP($O$5,DealsMaster[Deal No.],DealsMaster[Destination]),"") -> Lusaka | J31: =IFERROR(_xlfn.XLOOKUP($O$5,DealsMaster[Deal No.],DealsMaster[Product]),"") -> PMS | M31: =IF(OR(K31="",L31=""),"",L31-K31) | N31: =$O$6 -> 2 | O31: =IF(AND(C31<>"",K31<>"",K31<C31),"⚠ Arrival < Loaded",IF(AND(K31<>"",L31<>"",L31<K31),"⚠ Offloaded < Arrival",IF(M31="","",IF(M31>N31,"DEMURRAGE","OK")))) | P31: =IF(M31="","",MAX(0,M31-N31)*$O$7)
A32: TOTAL | P32: =SUBTOTAL(109,P10:P31) -> 0

Sheet 190664-RUBIS-BEIRA-LSK
C1: =IF(O5=0,"DEMURRAGE CALCULATION — [ENTER DEAL NO. ABOVE]","DEMURRAGE CALCULATION — "&TEXT(O5,"0")&" - "&UPPER(IFERROR(_xlfn.XLOOKUP(O5,DealsMaster[Deal No.],DealsMaster[Consignee]),""))&" - "&UPPER(IFERROR(_xlfn.XLOOKUP(O5,DealsMaster[Deal No.],DealsMaster[Route]),""))) -> DEMURRAGE CALCULATION — 190664 - RUBIS ENERGY ZAMBIA - BEIRA → LUSAKA
C3: KEY METRICS
C4: TOTAL OWED | F4: # IN DEMURRAGE | N4: DEAL DEFAULTS
C5: =SUM('190664-RUBIS-BEIRA-LSK'!$P$10:$P$38) -> 24250 | F5: =COUNTIF('190664-RUBIS-BEIRA-LSK'!$O$10:$O$38,"DEMURRAGE")&" / "&COUNTA('190664-RUBIS-BEIRA-LSK'!$A$10:$A$38) -> 18 / 29 | N5: Deal No. | O5: 190664
N6: Laytime (days) | O6: =IFERROR(_xlfn.XLOOKUP($O$5,DealsMaster[Deal No.],DealsMaster[Laytime Allowance (days)]),0) -> 2
N7: Rate (USD/day) | O7: =IFERROR(_xlfn.XLOOKUP($O$5,DealsMaster[Deal No.],DealsMaster[Demurrage Rate (USD/day)]),0) -> 250
A8: HOW TO USE: | B8: 1️⃣ Enter Deal No. in the gold box above → 2️⃣ Fill in truck details (columns C–L) row by row → 3️⃣ Demurrage calculates automatically → 4️⃣ Rename the sheet tab when done
A9: MOCOH Deal No. | B9: Consignee | C9: Date Loaded | D9: Loading Port | E9: Truck No. | F9: Trailer Reg. | G9: Transporter | H9: Driver Name | I9: Destination | J9: Product | K9: Arrival Date at Offloading | L9: Offloaded Date | M9: Total Waiting Days | N9: Laytime Used (days) | O9: Sanity Check | P9: Total Demurrage to Invoice (USD)
A10: =$O$5 -> 190664 | B10: =IFERROR(_xlfn.XLOOKUP($O$5,DealsMaster[Deal No.],DealsMaster[Consignee]),"") -> Rubis Energy Zambia | C10: 46133 | D10: =IFERROR(_xlfn.XLOOKUP($O$5,DealsMaster[Deal No.],DealsMaster[Loading Port]),"") -> Beira | E10: ABC 234 SF | F10: AH 414 SF | G10: PETRODA | H10: OSMAN AFIYA YUNUSU | I10: =IFERROR(_xlfn.XLOOKUP($O$5,DealsMaster[Deal No.],DealsMaster[Destination]),"") -> Lusaka | J10: =IFERROR(_xlfn.XLOOKUP($O$5,DealsMaster[Deal No.],DealsMaster[Product]),"") -> PMS | K10: 46138 | L10: 46151 | M10: =IF(OR(K10="",L10=""),"",L10-K10) -> 13 | N10: =$O$6 -> 2 | O10: =IF(AND(C10<>"",K10<>"",K10<C10),"⚠ Arrival < Loaded",IF(AND(K10<>"",L10<>"",L10<K10),"⚠ Offloaded < Arrival",IF(M10="","",IF(M10>N10,"DEMURRAGE","OK")))) -> DEMURRAGE | P10: =IF(M10="","",MAX(0,M10-N10)*$O$7) -> 2750
A11: =$O$5 -> 190664 | B11: =IFERROR(_xlfn.XLOOKUP($O$5,DealsMaster[Deal No.],DealsMaster[Consignee]),"") -> Rubis Energy Zambia | C11: 46132 | D11: =IFERROR(_xlfn.XLOOKUP($O$5,DealsMaster[Deal No.],DealsMaster[Loading Port]),"") -> Beira | E11: AKN 848 MC | F11: AH 413 MC | G11: PETRODA | H11: BENEDITO ANTONIO DOMINGOS BUZI | I11: =IFERROR(_xlfn.XLOOKUP($O$5,DealsMaster[Deal No.],DealsMaster[Destination]),"") -> Lusaka | J11: =IFERROR(_xlfn.XLOOKUP($O$5,DealsMaster[Deal No.],DealsMaster[Product]),"") -> PMS | K11: 46138 | L11: 46151 | M11: =IF(OR(K11="",L11=""),"",L11-K11) -> 13 | N11: =$O$6 -> 2 | O11: =IF(AND(C11<>"",K11<>"",K11<C11),"⚠ Arrival < Loaded",IF(AND(K11<>"",L11<>"",L11<K11),"⚠ Offloaded < Arrival",IF(M11="","",IF(M11>N11,"DEMURRAGE","OK")))) -> DEMURRAGE | P11: =IF(M11="","",MAX(0,M11-N11)*$O$7) -> 2750
A12: =$O$5 -> 190664 | B12: =IFERROR(_xlfn.XLOOKUP($O$5,DealsMaster[Deal No.],DealsMaster[Consignee]),"") -> Rubis Energy Zambia | C12: 46133 | D12: =IFERROR(_xlfn.XLOOKUP($O$5,DealsMaster[Deal No.],DealsMaster[Loading Port]),"") -> Beira | E12: AKN 765 MC | F12: AH 427 MC | G12: PETRODA | H12: DANIEL WAIRESSE MUDUWA | I12: =IFERROR(_xlfn.XLOOKUP($O$5,DealsMaster[Deal No.],DealsMaster[Destination]),"") -> Lusaka | J12: =IFERROR(_xlfn.XLOOKUP($O$5,DealsMaster[Deal No.],DealsMaster[Product]),"") -> PMS | K12: 46138 | L12: 46143 | M12: =IF(OR(K12="",L12=""),"",L12-K12) -> 5 | N12: =$O$6 -> 2 | O12: =IF(AND(C12<>"",K12<>"",K12<C12),"⚠ Arrival < Loaded",IF(AND(K12<>"",L12<>"",L12<K12),"⚠ Offloaded < Arrival",IF(M12="","",IF(M12>N12,"DEMURRAGE","OK")))) -> DEMURRAGE | P12: =IF(M12="","",MAX(0,M12-N12)*$O$7) -> 750
A13: =$O$5 -> 190664 | B13: =IFERROR(_xlfn.XLOOKUP($O$5,DealsMaster[Deal No.],DealsMaster[Consignee]),"") -> Rubis Energy Zambia | C13: 46133 | D13: =IFERROR(_xlfn.XLOOKUP($O$5,DealsMaster[Deal No.],DealsMaster[Loading Port]),"") -> Beira | E13: ABC 244 SF | F13: AH 424 SF | G13: PETRODA | H13: BRITO BITONE SEMENTE MUTANDO | I13: =IFERROR(_xlfn.XLOOKUP($O$5,DealsMaster[Deal No.],DealsMaster[Destination]),"") -> Lusaka | J13: =IFERROR(_xlfn.XLOOKUP($O$5,DealsMaster[Deal No.],DealsMaster[Product]),"") -> PMS | K13: 46138 | L13: 46143 | M13: =IF(OR(K13="",L13=""),"",L13-K13) -> 5 | N13: =$O$6 -> 2 | O13: =IF(AND(C13<>"",K13<>"",K13<C13),"⚠ Arrival < Loaded",IF(AND(K13<>"",L13<>"",L13<K13),"⚠ Offloaded < Arrival",IF(M13="","",IF(M13>N13,"DEMURRAGE","OK")))) -> DEMURRAGE | P13: =IF(M13="","",MAX(0,M13-N13)*$O$7) -> 750
A14: =$O$5 -> 190664 | B14: =IFERROR(_xlfn.XLOOKUP($O$5,DealsMaster[Deal No.],DealsMaster[Consignee]),"") -> Rubis Energy Zambia | C14: 46133 | D14: =IFERROR(_xlfn.XLOOKUP($O$5,DealsMaster[Deal No.],DealsMaster[Loading Port]),"") -> Beira | E14: AAO 768 SF | F14: AH 421 MC | G14: PETRODA | H14: AGOSTINHO GONCALVES PIRES | I14: =IFERROR(_xlfn.XLOOKUP($O$5,DealsMaster[Deal No.],DealsMaster[Destination]),"") -> Lusaka | J14: =IFERROR(_xlfn.XLOOKUP($O$5,DealsMaster[Deal No.],DealsMaster[Product]),"") -> PMS | K14: 46138 | L14: 46143 | M14: =IF(OR(K14="",L14=""),"",L14-K14) -> 5 | N14: =$O$6 -> 2 | O14: =IF(AND(C14<>"",K14<>"",K14<C14),"⚠ Arrival < Loaded",IF(AND(K14<>"",L14<>"",L14<K14),"⚠ Offloaded < Arrival",IF(M14="","",IF(M14>N14,"DEMURRAGE","OK")))) -> DEMURRAGE | P14: =IF(M14="","",MAX(0,M14-N14)*$O$7) -> 750
A15: =$O$5 -> 190664 | B15: =IFERROR(_xlfn.XLOOKUP($O$5,DealsMaster[Deal No.],DealsMaster[Consignee]),"") -> Rubis Energy Zambia | C15: 46133 | D15: =IFERROR(_xlfn.XLOOKUP($O$5,DealsMaster[Deal No.],DealsMaster[Loading Port]),"") -> Beira | E15: ABC 277 SF | F15: AH 377 SF | G15: PETRODA | H15: ALBERTO JOSE VASCO | I15: =IFERROR(_xlfn.XLOOKUP($O$5,DealsMaster[Deal No.],DealsMaster[Destination]),"") -> Lusaka | J15: =IFERROR(_xlfn.XLOOKUP($O$5,DealsMaster[Deal No.],DealsMaster[Product]),"") -> PMS | K15: 46138 | L15: 46143 | M15: =IF(OR(K15="",L15=""),"",L15-K15) -> 5 | N15: =$O$6 -> 2 | O15: =IF(AND(C15<>"",K15<>"",K15<C15),"⚠ Arrival < Loaded",IF(AND(K15<>"",L15<>"",L15<K15),"⚠ Offloaded < Arrival",IF(M15="","",IF(M15>N15,"DEMURRAGE","OK")))) -> DEMURRAGE | P15: =IF(M15="","",MAX(0,M15-N15)*$O$7) -> 750
A16: =$O$5 -> 190664 | B16: =IFERROR(_xlfn.XLOOKUP($O$5,DealsMaster[Deal No.],DealsMaster[Consignee]),"") -> Rubis Energy Zambia | C16: 46133 | D16: =IFERROR(_xlfn.XLOOKUP($O$5,DealsMaster[Deal No.],DealsMaster[Loading Port]),"") -> Beira | E16: ABC 259 SF | F16: AH 419 SF | G16: PETRODA | H16: DOMINGOS CASTIGO | I16: =IFERROR(_xlfn.XLOOKUP($O$5,DealsMaster[Deal No.],DealsMaster[Destination]),"") -> Lusaka | J16: =IFERROR(_xlfn.XLOOKUP($O$5,DealsMaster[Deal No.],DealsMaster[Product]),"") -> PMS | K16: 46138 | L16: 46143 | M16: =IF(OR(K16="",L16=""),"",L16-K16) -> 5 | N16: =$O$6 -> 2 | O16: =IF(AND(C16<>"",K16<>"",K16<C16),"⚠ Arrival < Loaded",IF(AND(K16<>"",L16<>"",L16<K16),"⚠ Offloaded < Arrival",IF(M16="","",IF(M16>N16,"DEMURRAGE","OK")))) -> DEMURRAGE | P16: =IF(M16="","",MAX(0,M16-N16)*$O$7) -> 750
A17: =$O$5 -> 190664 | B17: =IFERROR(_xlfn.XLOOKUP($O$5,DealsMaster[Deal No.],DealsMaster[Consignee]),"") -> Rubis Energy Zambia | C17: 46133 | D17: =IFERROR(_xlfn.XLOOKUP($O$5,DealsMaster[Deal No.],DealsMaster[Loading Port]),"") -> Beira | E17: AKM 997 MC | F17: AH 428 MC | G17: PETRODA | H17: JOAO XAVIER LEVANHE PAULINO | I17: =IFERROR(_xlfn.XLOOKUP($O$5,DealsMaster[Deal No.],DealsMaster[Destination]),"") -> Lusaka | J17: =IFERROR(_xlfn.XLOOKUP($O$5,DealsMaster[Deal No.],DealsMaster[Product]),"") -> PMS | K17: 46139 | L17: 46146 | M17: =IF(OR(K17="",L17=""),"",L17-K17) -> 7 | N17: =$O$6 -> 2 | O17: =IF(AND(C17<>"",K17<>"",K17<C17),"⚠ Arrival < Loaded",IF(AND(K17<>"",L17<>"",L17<K17),"⚠ Offloaded < Arrival",IF(M17="","",IF(M17>N17,"DEMURRAGE","OK")))) -> DEMURRAGE | P17: =IF(M17="","",MAX(0,M17-N17)*$O$7) -> 1250
A18: =$O$5 -> 190664 | B18: =IFERROR(_xlfn.XLOOKUP($O$5,DealsMaster[Deal No.],DealsMaster[Consignee]),"") -> Rubis Energy Zambia | C18: 46133 | D18: =IFERROR(_xlfn.XLOOKUP($O$5,DealsMaster[Deal No.],DealsMaster[Loading Port]),"") -> Beira | E18: AKN 779 MC | F18: AH 420 MC | G18: PETRODA | H18: LOURENCO JOSE JORGE | I18: =IFERROR(_xlfn.XLOOKUP($O$5,DealsMaster[Deal No.],DealsMaster[Destination]),"") -> Lusaka | J18: =IFERROR(_xlfn.XLOOKUP($O$5,DealsMaster[Deal No.],DealsMaster[Product]),"") -> PMS | K18: 46138 | L18: 46146 | M18: =IF(OR(K18="",L18=""),"",L18-K18) -> 8 | N18: =$O$6 -> 2 | O18: =IF(AND(C18<>"",K18<>"",K18<C18),"⚠ Arrival < Loaded",IF(AND(K18<>"",L18<>"",L18<K18),"⚠ Offloaded < Arrival",IF(M18="","",IF(M18>N18,"DEMURRAGE","OK")))) -> DEMURRAGE | P18: =IF(M18="","",MAX(0,M18-N18)*$O$7) -> 1500
A19: =$O$5 -> 190664 | B19: =IFERROR(_xlfn.XLOOKUP($O$5,DealsMaster[Deal No.],DealsMaster[Consignee]),"") -> Rubis Energy Zambia | C19: 46133 | D19: =IFERROR(_xlfn.XLOOKUP($O$5,DealsMaster[Deal No.],DealsMaster[Loading Port]),"") -> Beira | E19: ABC 292 SF | F19: AH 402 SF | G19: PETRODA | H19: BONIFACIO BYSON MALEFULA | I19: =IFERROR(_xlfn.XLOOKUP($O$5,DealsMaster[Deal No.],DealsMaster[Destination]),"") -> Lusaka | J19: =IFERROR(_xlfn.XLOOKUP($O$5,DealsMaster[Deal No.],DealsMaster[Product]),"") -> PMS | K19: 46139 | L19: 46143 | M19: =IF(OR(K19="",L19=""),"",L19-K19) -> 4 | N19: =$O$6 -> 2 | O19: =IF(AND(C19<>"",K19<>"",K19<C19),"⚠ Arrival < Loaded",IF(AND(K19<>"",L19<>"",L19<K19),"⚠ Offloaded < Arrival",IF(M19="","",IF(M19>N19,"DEMURRAGE","OK")))) -> DEMURRAGE | P19: =IF(M19="","",MAX(0,M19-N19)*$O$7) -> 500
A20: =$O$5 -> 190664 | B20: =IFERROR(_xlfn.XLOOKUP($O$5,DealsMaster[Deal No.],DealsMaster[Consignee]),"") -> Rubis Energy Zambia | C20: 46133 | D20: =IFERROR(_xlfn.XLOOKUP($O$5,DealsMaster[Deal No.],DealsMaster[Loading Port]),"") -> Beira | E20: ABC 280 SF | F20: AH 380 SF | G20: PETRODA | H20: FERNANDO ULISSONE FERNANDO MATANDIRE | I20: =IFERROR(_xlfn.XLOOKUP($O$5,DealsMaster[Deal No.],DealsMaster[Destination]),"") -> Lusaka | J20: =IFERROR(_xlfn.XLOOKUP($O$5,DealsMaster[Deal No.],DealsMaster[Product]),"") -> PMS | K20: 46138 | L20: 46143 | M20: =IF(OR(K20="",L20=""),"",L20-K20) -> 5 | N20: =$O$6 -> 2 | O20: =IF(AND(C20<>"",K20<>"",K20<C20),"⚠ Arrival < Loaded",IF(AND(K20<>"",L20<>"",L20<K20),"⚠ Offloaded < Arrival",IF(M20="","",IF(M20>N20,"DEMURRAGE","OK")))) -> DEMURRAGE | P20: =IF(M20="","",MAX(0,M20-N20)*$O$7) -> 750
A21: =$O$5 -> 190664 | B21: =IFERROR(_xlfn.XLOOKUP($O$5,DealsMaster[Deal No.],DealsMaster[Consignee]),"") -> Rubis Energy Zambia | C21: 46132 | D21: =IFERROR(_xlfn.XLOOKUP($O$5,DealsMaster[Deal No.],DealsMaster[Loading Port]),"") -> Beira | E21: ABC 274 SF | F21: AH 379 SF | G21: PETRODA | H21: MATEUS VASCO ZAMBO | I21: =IFERROR(_xlfn.XLOOKUP($O$5,DealsMaster[Deal No.],DealsMaster[Destination]),"") -> Lusaka | J21: =IFERROR(_xlfn.XLOOKUP($O$5,DealsMaster[Deal No.],DealsMaster[Product]),"") -> PMS | K21: 46138 | L21: 46146 | M21: =IF(OR(K21="",L21=""),"",L21-K21) -> 8 | N21: =$O$6 -> 2 | O21: =IF(AND(C21<>"",K21<>"",K21<C21),"⚠ Arrival < Loaded",IF(AND(K21<>"",L21<>"",L21<K21),"⚠ Offloaded < Arrival",IF(M21="","",IF(M21>N21,"DEMURRAGE","OK")))) -> DEMURRAGE | P21: =IF(M21="","",MAX(0,M21-N21)*$O$7) -> 1500
... A38: =$O$5 -> 190664 | B38: =IFERROR(_xlfn.XLOOKUP($O$5,DealsMaster[Deal No.],DealsMaster[Consignee]),"") -> Rubis Energy Zambia | C38: 46141 | D38: =IFERROR(_xlfn.XLOOKUP($O$5,DealsMaster[Deal No.],DealsMaster[Loading Port]),"") -> Beira | E38: ABC 291 SF | F38: AH 391 SF | G38: PETRODA | H38: JONE BERNARDO QUIPA | I38: =IFERROR(_xlfn.XLOOKUP($O$5,DealsMaster[Deal No.],DealsMaster[Destination]),"") -> Lusaka | J38: =IFERROR(_xlfn.XLOOKUP($O$5,DealsMaster[Deal No.],DealsMaster[Product]),"") -> PMS | K38: 46145 | L38: 46146 | M38: =IF(OR(K38="",L38=""),"",L38-K38) -> 1 | N38: =$O$6 -> 2 | O38: =IF(AND(C38<>"",K38<>"",K38<C38),"⚠ Arrival < Loaded",IF(AND(K38<>"",L38<>"",L38<K38),"⚠ Offloaded < Arrival",IF(M38="","",IF(M38>N38,"DEMURRAGE","OK")))) -> OK | P38: =IF(M38="","",MAX(0,M38-N38)*$O$7) -> 0
A39: TOTAL | P39: =SUBTOTAL(109,P10:P38) -> 24250

Sheet 191609-RUBIS-BEIRA-LSK
C1: =IF(O5=0,"DEMURRAGE CALCULATION — [ENTER DEAL NO. ABOVE]","DEMURRAGE CALCULATION — "&TEXT(O5,"0")&" - "&UPPER(IFERROR(_xlfn.XLOOKUP(O5,DealsMaster[Deal No.],DealsMaster[Consignee]),""))&" - "&UPPER(IFERROR(_xlfn.XLOOKUP(O5,DealsMaster[Deal No.],DealsMaster[Route]),""))) -> DEMURRAGE CALCULATION — 191609 - RUBIS ENERGY ZAMBIA - BEIRA → LUSAKA
C3: KEY METRICS
C4: TOTAL OWED | F4: # IN DEMURRAGE | N4: DEAL DEFAULTS
C5: =SUM('191609-RUBIS-BEIRA-LSK'!$P$10:$P$31) -> 0 | F5: =COUNTIF('191609-RUBIS-BEIRA-LSK'!$O$10:$O$31,"DEMURRAGE")&" / "&COUNTA('191609-RUBIS-BEIRA-LSK'!$A$10:$A$31) -> 0 / 22 | N5: Deal No. | O5: 191609
N6: Laytime (days) | O6: =IFERROR(_xlfn.XLOOKUP($O$5,DealsMaster[Deal No.],DealsMaster[Laytime Allowance (days)]),0) -> 2
N7: Rate (USD/day) | O7: =IFERROR(_xlfn.XLOOKUP($O$5,DealsMaster[Deal No.],DealsMaster[Demurrage Rate (USD/day)]),0) -> 250
A8: HOW TO USE: | B8: 1️⃣ Enter Deal No. in the gold box above → 2️⃣ Fill in truck details (columns C–L) row by row → 3️⃣ Demurrage calculates automatically → 4️⃣ Rename the sheet tab when done
A9: MOCOH Deal No. | B9: Consignee | C9: Date Loaded | D9: Loading Port | E9: Truck No. | F9: Trailer Reg. | G9: Transporter | H9: Driver Name | I9: Destination | J9: Product | K9: Arrival Date at Offloading | L9: Offloaded Date | M9: Total Waiting Days | N9: Laytime Used (days) | O9: Sanity Check | P9: Total Demurrage to Invoice (USD)
A10: =$O$5 -> 191609 | B10: =IFERROR(_xlfn.XLOOKUP($O$5,DealsMaster[Deal No.],DealsMaster[Consignee]),"") -> Rubis Energy Zambia | D10: =IFERROR(_xlfn.XLOOKUP($O$5,DealsMaster[Deal No.],DealsMaster[Loading Port]),"") -> Beira | I10: =IFERROR(_xlfn.XLOOKUP($O$5,DealsMaster[Deal No.],DealsMaster[Destination]),"") -> Lusaka | J10: =IFERROR(_xlfn.XLOOKUP($O$5,DealsMaster[Deal No.],DealsMaster[Product]),"") -> PMS | M10: =IF(OR(K10="",L10=""),"",L10-K10) | N10: =$O$6 -> 2 | O10: =IF(AND(C10<>"",K10<>"",K10<C10),"⚠ Arrival < Loaded",IF(AND(K10<>"",L10<>"",L10<K10),"⚠ Offloaded < Arrival",IF(M10="","",IF(M10>N10,"DEMURRAGE","OK")))) | P10: =IF(M10="","",MAX(0,M10-N10)*$O$7)
A11: =$O$5 -> 191609 | B11: =IFERROR(_xlfn.XLOOKUP($O$5,DealsMaster[Deal No.],DealsMaster[Consignee]),"") -> Rubis Energy Zambia | D11: =IFERROR(_xlfn.XLOOKUP($O$5,DealsMaster[Deal No.],DealsMaster[Loading Port]),"") -> Beira | I11: =IFERROR(_xlfn.XLOOKUP($O$5,DealsMaster[Deal No.],DealsMaster[Destination]),"") -> Lusaka | J11: =IFERROR(_xlfn.XLOOKUP($O$5,DealsMaster[Deal No.],DealsMaster[Product]),"") -> PMS | M11: =IF(OR(K11="",L11=""),"",L11-K11) | N11: =$O$6 -> 2 | O11: =IF(AND(C11<>"",K11<>"",K11<C11),"⚠ Arrival < Loaded",IF(AND(K11<>"",L11<>"",L11<K11),"⚠ Offloaded < Arrival",IF(M11="","",IF(M11>N11,"DEMURRAGE","OK")))) | P11: =IF(M11="","",MAX(0,M11-N11)*$O$7)
A12: =$O$5 -> 191609 | B12: =IFERROR(_xlfn.XLOOKUP($O$5,DealsMaster[Deal No.],DealsMaster[Consignee]),"") -> Rubis Energy Zambia | D12: =IFERROR(_xlfn.XLOOKUP($O$5,DealsMaster[Deal No.],DealsMaster[Loading Port]),"") -> Beira | I12: =IFERROR(_xlfn.XLOOKUP($O$5,DealsMaster[Deal No.],DealsMaster[Destination]),"") -> Lusaka | J12: =IFERROR(_xlfn.XLOOKUP($O$5,DealsMaster[Deal No.],DealsMaster[Product]),"") -> PMS | M12: =IF(OR(K12="",L12=""),"",L12-K12) | N12: =$O$6 -> 2 | O12: =IF(AND(C12<>"",K12<>"",K12<C12),"⚠ Arrival < Loaded",IF(AND(K12<>"",L12<>"",L12<K12),"⚠ Offloaded < Arrival",IF(M12="","",IF(M12>N12,"DEMURRAGE","OK")))) | P12: =IF(M12="","",MAX(0,M12-N12)*$O$7)
A13: =$O$5 -> 191609 | B13: =IFERROR(_xlfn.XLOOKUP($O$5,DealsMaster[Deal No.],DealsMaster[Consignee]),"") -> Rubis Energy Zambia | D13: =IFERROR(_xlfn.XLOOKUP($O$5,DealsMaster[Deal No.],DealsMaster[Loading Port]),"") -> Beira | I13: =IFERROR(_xlfn.XLOOKUP($O$5,DealsMaster[Deal No.],DealsMaster[Destination]),"") -> Lusaka | J13: =IFERROR(_xlfn.XLOOKUP($O$5,DealsMaster[Deal No.],DealsMaster[Product]),"") -> PMS | M13: =IF(OR(K13="",L13=""),"",L13-K13) | N13: =$O$6 -> 2 | O13: =IF(AND(C13<>"",K13<>"",K13<C13),"⚠ Arrival < Loaded",IF(AND(K13<>"",L13<>"",L13<K13),"⚠ Offloaded < Arrival",IF(M13="","",IF(M13>N13,"DEMURRAGE","OK")))) | P13: =IF(M13="","",MAX(0,M13-N13)*$O$7)
A14: =$O$5 -> 191609 | B14: =IFERROR(_xlfn.XLOOKUP($O$5,DealsMaster[Deal No.],DealsMaster[Consignee]),"") -> Rubis Energy Zambia | D14: =IFERROR(_xlfn.XLOOKUP($O$5,DealsMaster[Deal No.],DealsMaster[Loading Port]),"") -> Beira | I14: =IFERROR(_xlfn.XLOOKUP($O$5,DealsMaster[Deal No.],DealsMaster[Destination]),"") -> Lusaka | J14: =IFERROR(_xlfn.XLOOKUP($O$5,DealsMaster[Deal No.],DealsMaster[Product]),"") -> PMS | M14: =IF(OR(K14="",L14=""),"",L14-K14) | N14: =$O$6 -> 2 | O14: =IF(AND(C14<>"",K14<>"",K14<C14),"⚠ Arrival < Loaded",IF(AND(K14<>"",L14<>"",L14<K14),"⚠ Offloaded < Arrival",IF(M14="","",IF(M14>N14,"DEMURRAGE","OK")))) | P14: =IF(M14="","",MAX(0,M14-N14)*$O$7)
A15: =$O$5 -> 191609 | B15: =IFERROR(_xlfn.XLOOKUP($O$5,DealsMaster[Deal No.],DealsMaster[Consignee]),"") -> Rubis Energy Zambia | D15: =IFERROR(_xlfn.XLOOKUP($O$5,DealsMaster[Deal No.],DealsMaster[Loading Port]),"") -> Beira | I15: =IFERROR(_xlfn.XLOOKUP($O$5,DealsMaster[Deal No.],DealsMaster[Destination]),"") -> Lusaka | J15: =IFERROR(_xlfn.XLOOKUP($O$5,DealsMaster[Deal No.],DealsMaster[Product]),"") -> PMS | M15: =IF(OR(K15="",L15=""),"",L15-K15) | N15: =$O$6 -> 2 | O15: =IF(AND(C15<>"",K15<>"",K15<C15),"⚠ Arrival < Loaded",IF(AND(K15<>"",L15<>"",L15<K15),"⚠ Offloaded < Arrival",IF(M15="","",IF(M15>N15,"DEMURRAGE","OK")))) | P15: =IF(M15="","",MAX(0,M15-N15)*$O$7)
A16: =$O$5 -> 191609 | B16: =IFERROR(_xlfn.XLOOKUP($O$5,DealsMaster[Deal No.],DealsMaster[Consignee]),"") -> Rubis Energy Zambia | D16: =IFERROR(_xlfn.XLOOKUP($O$5,DealsMaster[Deal No.],DealsMaster[Loading Port]),"") -> Beira | I16: =IFERROR(_xlfn.XLOOKUP($O$5,DealsMaster[Deal No.],DealsMaster[Destination]),"") -> Lusaka | J16: =IFERROR(_xlfn.XLOOKUP($O$5,DealsMaster[Deal No.],DealsMaster[Product]),"") -> PMS | M16: =IF(OR(K16="",L16=""),"",L16-K16) | N16: =$O$6 -> 2 | O16: =IF(AND(C16<>"",K16<>"",K16<C16),"⚠ Arrival < Loaded",IF(AND(K16<>"",L16<>"",L16<K16),"⚠ Offloaded < Arrival",IF(M16="","",IF(M16>N16,"DEMURRAGE","OK")))) | P16: =IF(M16="","",MAX(0,M16-N16)*$O$7)
A17: =$O$5 -> 191609 | B17: =IFERROR(_xlfn.XLOOKUP($O$5,DealsMaster[Deal No.],DealsMaster[Consignee]),"") -> Rubis Energy Zambia | D17: =IFERROR(_xlfn.XLOOKUP($O$5,DealsMaster[Deal No.],DealsMaster[Loading Port]),"") -> Beira | I17: =IFERROR(_xlfn.XLOOKUP($O$5,DealsMaster[Deal No.],DealsMaster[Destination]),"") -> Lusaka | J17: =IFERROR(_xlfn.XLOOKUP($O$5,DealsMaster[Deal No.],DealsMaster[Product]),"") -> PMS | M17: =IF(OR(K17="",L17=""),"",L17-K17) | N17: =$O$6 -> 2 | O17: =IF(AND(C17<>"",K17<>"",K17<C17),"⚠ Arrival < Loaded",IF(AND(K17<>"",L17<>"",L17<K17),"⚠ Offloaded < Arrival",IF(M17="","",IF(M17>N17,"DEMURRAGE","OK")))) | P17: =IF(M17="","",MAX(0,M17-N17)*$O$7)
A18: =$O$5 -> 191609 | B18: =IFERROR(_xlfn.XLOOKUP($O$5,DealsMaster[Deal No.],DealsMaster[Consignee]),"") -> Rubis Energy Zambia | D18: =IFERROR(_xlfn.XLOOKUP($O$5,DealsMaster[Deal No.],DealsMaster[Loading Port]),"") -> Beira | I18: =IFERROR(_xlfn.XLOOKUP($O$5,DealsMaster[Deal No.],DealsMaster[Destination]),"") -> Lusaka | J18: =IFERROR(_xlfn.XLOOKUP($O$5,DealsMaster[Deal No.],DealsMaster[Product]),"") -> PMS | M18: =IF(OR(K18="",L18=""),"",L18-K18) | N18: =$O$6 -> 2 | O18: =IF(AND(C18<>"",K18<>"",K18<C18),"⚠ Arrival < Loaded",IF(AND(K18<>"",L18<>"",L18<K18),"⚠ Offloaded < Arrival",IF(M18="","",IF(M18>N18,"DEMURRAGE","OK")))) | P18: =IF(M18="","",MAX(0,M18-N18)*$O$7)
A19: =$O$5 -> 191609 | B19: =IFERROR(_xlfn.XLOOKUP($O$5,DealsMaster[Deal No.],DealsMaster[Consignee]),"") -> Rubis Energy Zambia | D19: =IFERROR(_xlfn.XLOOKUP($O$5,DealsMaster[Deal No.],DealsMaster[Loading Port]),"") -> Beira | I19: =IFERROR(_xlfn.XLOOKUP($O$5,DealsMaster[Deal No.],DealsMaster[Destination]),"") -> Lusaka | J19: =IFERROR(_xlfn.XLOOKUP($O$5,DealsMaster[Deal No.],DealsMaster[Product]),"") -> PMS | M19: =IF(OR(K19="",L19=""),"",L19-K19) | N19: =$O$6 -> 2 | O19: =IF(AND(C19<>"",K19<>"",K19<C19),"⚠ Arrival < Loaded",IF(AND(K19<>"",L19<>"",L19<K19),"⚠ Offloaded < Arrival",IF(M19="","",IF(M19>N19,"DEMURRAGE","OK")))) | P19: =IF(M19="","",MAX(0,M19-N19)*$O$7)
A20: =$O$5 -> 191609 | B20: =IFERROR(_xlfn.XLOOKUP($O$5,DealsMaster[Deal No.],DealsMaster[Consignee]),"") -> Rubis Energy Zambia | D20: =IFERROR(_xlfn.XLOOKUP($O$5,DealsMaster[Deal No.],DealsMaster[Loading Port]),"") -> Beira | I20: =IFERROR(_xlfn.XLOOKUP($O$5,DealsMaster[Deal No.],DealsMaster[Destination]),"") -> Lusaka | J20: =IFERROR(_xlfn.XLOOKUP($O$5,DealsMaster[Deal No.],DealsMaster[Product]),"") -> PMS | M20: =IF(OR(K20="",L20=""),"",L20-K20) | N20: =$O$6 -> 2 | O20: =IF(AND(C20<>"",K20<>"",K20<C20),"⚠ Arrival < Loaded",IF(AND(K20<>"",L20<>"",L20<K20),"⚠ Offloaded < Arrival",IF(M20="","",IF(M20>N20,"DEMURRAGE","OK")))) | P20: =IF(M20="","",MAX(0,M20-N20)*$O$7)
A21: =$O$5 -> 191609 | B21: =IFERROR(_xlfn.XLOOKUP($O$5,DealsMaster[Deal No.],DealsMaster[Consignee]),"") -> Rubis Energy Zambia | D21: =IFERROR(_xlfn.XLOOKUP($O$5,DealsMaster[Deal No.],DealsMaster[Loading Port]),"") -> Beira | I21: =IFERROR(_xlfn.XLOOKUP($O$5,DealsMaster[Deal No.],DealsMaster[Destination]),"") -> Lusaka | J21: =IFERROR(_xlfn.XLOOKUP($O$5,DealsMaster[Deal No.],DealsMaster[Product]),"") -> PMS | M21: =IF(OR(K21="",L21=""),"",L21-K21) | N21: =$O$6 -> 2 | O21: =IF(AND(C21<>"",K21<>"",K21<C21),"⚠ Arrival < Loaded",IF(AND(K21<>"",L21<>"",L21<K21),"⚠ Offloaded < Arrival",IF(M21="","",IF(M21>N21,"DEMURRAGE","OK")))) | P21: =IF(M21="","",MAX(0,M21-N21)*$O$7)
... A31: =$O$5 -> 191609 | B31: =IFERROR(_xlfn.XLOOKUP($O$5,DealsMaster[Deal No.],DealsMaster[Consignee]),"") -> Rubis Energy Zambia | D31: =IFERROR(_xlfn.XLOOKUP($O$5,DealsMaster[Deal No.],DealsMaster[Loading Port]),"") -> Beira | I31: =IFERROR(_xlfn.XLOOKUP($O$5,DealsMaster[Deal No.],DealsMaster[Destination]),"") -> Lusaka | J31: =IFERROR(_xlfn.XLOOKUP($O$5,DealsMaster[Deal No.],DealsMaster[Product]),"") -> PMS | M31: =IF(OR(K31="",L31=""),"",L31-K31) | N31: =$O$6 -> 2 | O31: =IF(AND(C31<>"",K31<>"",K31<C31),"⚠ Arrival < Loaded",IF(AND(K31<>"",L31<>"",L31<K31),"⚠ Offloaded < Arrival",IF(M31="","",IF(M31>N31,"DEMURRAGE","OK")))) | P31: =IF(M31="","",MAX(0,M31-N31)*$O$7)
A32: TOTAL | P32: =SUBTOTAL(109,P10:P31) -> 0

Sheet 191610-RUBIS-BEIRA-LSK
C1: =IF(O5=0,"DEMURRAGE CALCULATION — [ENTER DEAL NO. ABOVE]","DEMURRAGE CALCULATION — "&TEXT(O5,"0")&" - "&UPPER(IFERROR(_xlfn.XLOOKUP(O5,DealsMaster[Deal No.],DealsMaster[Consignee]),""))&" - "&UPPER(IFERROR(_xlfn.XLOOKUP(O5,DealsMaster[Deal No.],DealsMaster[Route]),""))) -> DEMURRAGE CALCULATION — 191610 - RUBIS ENERGY ZAMBIA - BEIRA → LUSAKA
C3: KEY METRICS
C4: TOTAL OWED | F4: # IN DEMURRAGE | N4: DEAL DEFAULTS
C5: =SUM('191610-RUBIS-BEIRA-LSK'!$P$10:$P$31) -> 0 | F5: =COUNTIF('191610-RUBIS-BEIRA-LSK'!$O$10:$O$31,"DEMURRAGE")&" / "&COUNTA('191610-RUBIS-BEIRA-LSK'!$A$10:$A$31) -> 0 / 22 | N5: Deal No. | O5: 191610
N6: Laytime (days) | O6: =IFERROR(_xlfn.XLOOKUP($O$5,DealsMaster[Deal No.],DealsMaster[Laytime Allowance (days)]),0) -> 2
N7: Rate (USD/day) | O7: =IFERROR(_xlfn.XLOOKUP($O$5,DealsMaster[Deal No.],DealsMaster[Demurrage Rate (USD/day)]),0) -> 250
A8: HOW TO USE: | B8: 1️⃣ Enter Deal No. in the gold box above → 2️⃣ Fill in truck details (columns C–L) row by row → 3️⃣ Demurrage calculates automatically → 4️⃣ Rename the sheet tab when done
A9: MOCOH Deal No. | B9: Consignee | C9: Date Loaded | D9: Loading Port | E9: Truck No. | F9: Trailer Reg. | G9: Transporter | H9: Driver Name | I9: Destination | J9: Product | K9: Arrival Date at Offloading | L9: Offloaded Date | M9: Total Waiting Days | N9: Laytime Used (days) | O9: Sanity Check | P9: Total Demurrage to Invoice (USD)
A10: =$O$5 -> 191610 | B10: =IFERROR(_xlfn.XLOOKUP($O$5,DealsMaster[Deal No.],DealsMaster[Consignee]),"") -> Rubis Energy Zambia | C10: 46151 | D10: =IFERROR(_xlfn.XLOOKUP($O$5,DealsMaster[Deal No.],DealsMaster[Loading Port]),"") -> Beira | I10: =IFERROR(_xlfn.XLOOKUP($O$5,DealsMaster[Deal No.],DealsMaster[Destination]),"") -> Lusaka | J10: =IFERROR(_xlfn.XLOOKUP($O$5,DealsMaster[Deal No.],DealsMaster[Product]),"") -> PMS | M10: =IF(OR(K10="",L10=""),"",L10-K10) | N10: =$O$6 -> 2 | O10: =IF(AND(C10<>"",K10<>"",K10<C10),"⚠ Arrival < Loaded",IF(AND(K10<>"",L10<>"",L10<K10),"⚠ Offloaded < Arrival",IF(M10="","",IF(M10>N10,"DEMURRAGE","OK")))) | P10: =IF(M10="","",MAX(0,M10-N10)*$O$7)
A11: =$O$5 -> 191610 | B11: =IFERROR(_xlfn.XLOOKUP($O$5,DealsMaster[Deal No.],DealsMaster[Consignee]),"") -> Rubis Energy Zambia | C11: 46150 | D11: =IFERROR(_xlfn.XLOOKUP($O$5,DealsMaster[Deal No.],DealsMaster[Loading Port]),"") -> Beira | I11: =IFERROR(_xlfn.XLOOKUP($O$5,DealsMaster[Deal No.],DealsMaster[Destination]),"") -> Lusaka | J11: =IFERROR(_xlfn.XLOOKUP($O$5,DealsMaster[Deal No.],DealsMaster[Product]),"") -> PMS | M11: =IF(OR(K11="",L11=""),"",L11-K11) | N11: =$O$6 -> 2 | O11: =IF(AND(C11<>"",K11<>"",K11<C11),"⚠ Arrival < Loaded",IF(AND(K11<>"",L11<>"",L11<K11),"⚠ Offloaded < Arrival",IF(M11="","",IF(M11>N11,"DEMURRAGE","OK")))) | P11: =IF(M11="","",MAX(0,M11-N11)*$O$7)
A12: =$O$5 -> 191610 | B12: =IFERROR(_xlfn.XLOOKUP($O$5,DealsMaster[Deal No.],DealsMaster[Consignee]),"") -> Rubis Energy Zambia | C12: 46151 | D12: =IFERROR(_xlfn.XLOOKUP($O$5,DealsMaster[Deal No.],DealsMaster[Loading Port]),"") -> Beira | I12: =IFERROR(_xlfn.XLOOKUP($O$5,DealsMaster[Deal No.],DealsMaster[Destination]),"") -> Lusaka | J12: =IFERROR(_xlfn.XLOOKUP($O$5,DealsMaster[Deal No.],DealsMaster[Product]),"") -> PMS | M12: =IF(OR(K12="",L12=""),"",L12-K12) | N12: =$O$6 -> 2 | O12: =IF(AND(C12<>"",K12<>"",K12<C12),"⚠ Arrival < Loaded",IF(AND(K12<>"",L12<>"",L12<K12),"⚠ Offloaded < Arrival",IF(M12="","",IF(M12>N12,"DEMURRAGE","OK")))) | P12: =IF(M12="","",MAX(0,M12-N12)*$O$7)
A13: =$O$5 -> 191610 | B13: =IFERROR(_xlfn.XLOOKUP($O$5,DealsMaster[Deal No.],DealsMaster[Consignee]),"") -> Rubis Energy Zambia | C13: 46151 | D13: =IFERROR(_xlfn.XLOOKUP($O$5,DealsMaster[Deal No.],DealsMaster[Loading Port]),"") -> Beira | I13: =IFERROR(_xlfn.XLOOKUP($O$5,DealsMaster[Deal No.],DealsMaster[Destination]),"") -> Lusaka | J13: =IFERROR(_xlfn.XLOOKUP($O$5,DealsMaster[Deal No.],DealsMaster[Product]),"") -> PMS | M13: =IF(OR(K13="",L13=""),"",L13-K13) | N13: =$O$6 -> 2 | O13: =IF(AND(C13<>"",K13<>"",K13<C13),"⚠ Arrival < Loaded",IF(AND(K13<>"",L13<>"",L13<K13),"⚠ Offloaded < Arrival",IF(M13="","",IF(M13>N13,"DEMURRAGE","OK")))) | P13: =IF(M13="","",MAX(0,M13-N13)*$O$7)
A14: =$O$5 -> 191610 | B14: =IFERROR(_xlfn.XLOOKUP($O$5,DealsMaster[Deal No.],DealsMaster[Consignee]),"") -> Rubis Energy Zambia | C14: 46151 | D14: =IFERROR(_xlfn.XLOOKUP($O$5,DealsMaster[Deal No.],DealsMaster[Loading Port]),"") -> Beira | I14: =IFERROR(_xlfn.XLOOKUP($O$5,DealsMaster[Deal No.],DealsMaster[Destination]),"") -> Lusaka | J14: =IFERROR(_xlfn.XLOOKUP($O$5,DealsMaster[Deal No.],DealsMaster[Product]),"") -> PMS | M14: =IF(OR(K14="",L14=""),"",L14-K14) | N14: =$O$6 -> 2 | O14: =IF(AND(C14<>"",K14<>"",K14<C14),"⚠ Arrival < Loaded",IF(AND(K14<>"",L14<>"",L14<K14),"⚠ Offloaded < Arrival",IF(M14="","",IF(M14>N14,"DEMURRAGE","OK")))) | P14: =IF(M14="","",MAX(0,M14-N14)*$O$7)
A15: =$O$5 -> 191610 | B15: =IFERROR(_xlfn.XLOOKUP($O$5,DealsMaster[Deal No.],DealsMaster[Consignee]),"") -> Rubis Energy Zambia | C15: 46150 | D15: =IFERROR(_xlfn.XLOOKUP($O$5,DealsMaster[Deal No.],DealsMaster[Loading Port]),"") -> Beira | I15: =IFERROR(_xlfn.XLOOKUP($O$5,DealsMaster[Deal No.],DealsMaster[Destination]),"") -> Lusaka | J15: =IFERROR(_xlfn.XLOOKUP($O$5,DealsMaster[Deal No.],DealsMaster[Product]),"") -> PMS | M15: =IF(OR(K15="",L15=""),"",L15-K15) | N15: =$O$6 -> 2 | O15: =IF(AND(C15<>"",K15<>"",K15<C15),"⚠ Arrival < Loaded",IF(AND(K15<>"",L15<>"",L15<K15),"⚠ Offloaded < Arrival",IF(M15="","",IF(M15>N15,"DEMURRAGE","OK")))) | P15: =IF(M15="","",MAX(0,M15-N15)*$O$7)
A16: =$O$5 -> 191610 | B16: =IFERROR(_xlfn.XLOOKUP($O$5,DealsMaster[Deal No.],DealsMaster[Consignee]),"") -> Rubis Energy Zambia | C16: 46150 | D16: =IFERROR(_xlfn.XLOOKUP($O$5,DealsMaster[Deal No.],DealsMaster[Loading Port]),"") -> Beira | I16: =IFERROR(_xlfn.XLOOKUP($O$5,DealsMaster[Deal No.],DealsMaster[Destination]),"") -> Lusaka | J16: =IFERROR(_xlfn.XLOOKUP($O$5,DealsMaster[Deal No.],DealsMaster[Product]),"") -> PMS | M16: =IF(OR(K16="",L16=""),"",L16-K16) | N16: =$O$6 -> 2 | O16: =IF(AND(C16<>"",K16<>"",K16<C16),"⚠ Arrival < Loaded",IF(AND(K16<>"",L16<>"",L16<K16),"⚠ Offloaded < Arrival",IF(M16="","",IF(M16>N16,"DEMURRAGE","OK")))) | P16: =IF(M16="","",MAX(0,M16-N16)*$O$7)
A17: =$O$5 -> 191610 | B17: =IFERROR(_xlfn.XLOOKUP($O$5,DealsMaster[Deal No.],DealsMaster[Consignee]),"") -> Rubis Energy Zambia | C17: 46150 | D17: =IFERROR(_xlfn.XLOOKUP($O$5,DealsMaster[Deal No.],DealsMaster[Loading Port]),"") -> Beira | I17: =IFERROR(_xlfn.XLOOKUP($O$5,DealsMaster[Deal No.],DealsMaster[Destination]),"") -> Lusaka | J17: =IFERROR(_xlfn.XLOOKUP($O$5,DealsMaster[Deal No.],DealsMaster[Product]),"") -> PMS | M17: =IF(OR(K17="",L17=""),"",L17-K17) | N17: =$O$6 -> 2 | O17: =IF(AND(C17<>"",K17<>"",K17<C17),"⚠ Arrival < Loaded",IF(AND(K17<>"",L17<>"",L17<K17),"⚠ Offloaded < Arrival",IF(M17="","",IF(M17>N17,"DEMURRAGE","OK")))) | P17: =IF(M17="","",MAX(0,M17-N17)*$O$7)
A18: =$O$5 -> 191610 | B18: =IFERROR(_xlfn.XLOOKUP($O$5,DealsMaster[Deal No.],DealsMaster[Consignee]),"") -> Rubis Energy Zambia | C18: 46151 | D18: =IFERROR(_xlfn.XLOOKUP($O$5,DealsMaster[Deal No.],DealsMaster[Loading Port]),"") -> Beira | I18: =IFERROR(_xlfn.XLOOKUP($O$5,DealsMaster[Deal No.],DealsMaster[Destination]),"") -> Lusaka | J18: =IFERROR(_xlfn.XLOOKUP($O$5,DealsMaster[Deal No.],DealsMaster[Product]),"") -> PMS | M18: =IF(OR(K18="",L18=""),"",L18-K18) | N18: =$O$6 -> 2 | O18: =IF(AND(C18<>"",K18<>"",K18<C18),"⚠ Arrival < Loaded",IF(AND(K18<>"",L18<>"",L18<K18),"⚠ Offloaded < Arrival",IF(M18="","",IF(M18>N18,"DEMURRAGE","OK")))) | P18: =IF(M18="","",MAX(0,M18-N18)*$O$7)
A19: =$O$5 -> 191610 | B19: =IFERROR(_xlfn.XLOOKUP($O$5,DealsMaster[Deal No.],DealsMaster[Consignee]),"") -> Rubis Energy Zambia | C19: 46151 | D19: =IFERROR(_xlfn.XLOOKUP($O$5,DealsMaster[Deal No.],DealsMaster[Loading Port]),"") -> Beira | I19: =IFERROR(_xlfn.XLOOKUP($O$5,DealsMaster[Deal No.],DealsMaster[Destination]),"") -> Lusaka | J19: =IFERROR(_xlfn.XLOOKUP($O$5,DealsMaster[Deal No.],DealsMaster[Product]),"") -> PMS | M19: =IF(OR(K19="",L19=""),"",L19-K19) | N19: =$O$6 -> 2 | O19: =IF(AND(C19<>"",K19<>"",K19<C19),"⚠ Arrival < Loaded",IF(AND(K19<>"",L19<>"",L19<K19),"⚠ Offloaded < Arrival",IF(M19="","",IF(M19>N19,"DEMURRAGE","OK")))) | P19: =IF(M19="","",MAX(0,M19-N19)*$O$7)
A20: =$O$5 -> 191610 | B20: =IFERROR(_xlfn.XLOOKUP($O$5,DealsMaster[Deal No.],DealsMaster[Consignee]),"") -> Rubis Energy Zambia | C20: 46150 | D20: =IFERROR(_xlfn.XLOOKUP($O$5,DealsMaster[Deal No.],DealsMaster[Loading Port]),"") -> Beira | I20: =IFERROR(_xlfn.XLOOKUP($O$5,DealsMaster[Deal No.],DealsMaster[Destination]),"") -> Lusaka | J20: =IFERROR(_xlfn.XLOOKUP($O$5,DealsMaster[Deal No.],DealsMaster[Product]),"") -> PMS | M20: =IF(OR(K20="",L20=""),"",L20-K20) | N20: =$O$6 -> 2 | O20: =IF(AND(C20<>"",K20<>"",K20<C20),"⚠ Arrival < Loaded",IF(AND(K20<>"",L20<>"",L20<K20),"⚠ Offloaded < Arrival",IF(M20="","",IF(M20>N20,"DEMURRAGE","OK")))) | P20: =IF(M20="","",MAX(0,M20-N20)*$O$7)
A21: =$O$5 -> 191610 | B21: =IFERROR(_xlfn.XLOOKUP($O$5,DealsMaster[Deal No.],DealsMaster[Consignee]),"") -> Rubis Energy Zambia | C21: 46150 | D21: =IFERROR(_xlfn.XLOOKUP($O$5,DealsMaster[Deal No.],DealsMaster[Loading Port]),"") -> Beira | I21: =IFERROR(_xlfn.XLOOKUP($O$5,DealsMaster[Deal No.],DealsMaster[Destination]),"") -> Lusaka | J21: =IFERROR(_xlfn.XLOOKUP($O$5,DealsMaster[Deal No.],DealsMaster[Product]),"") -> PMS | M21: =IF(OR(K21="",L21=""),"",L21-K21) | N21: =$O$6 -> 2 | O21: =IF(AND(C21<>"",K21<>"",K21<C21),"⚠ Arrival < Loaded",IF(AND(K21<>"",L21<>"",L21<K21),"⚠ Offloaded < Arrival",IF(M21="","",IF(M21>N21,"DEMURRAGE","OK")))) | P21: =IF(M21="","",MAX(0,M21-N21)*$O$7)
A22: =$O$5 -> 191610 | B22: =IFERROR(_xlfn.XLOOKUP($O$5,DealsMaster[Deal No.],DealsMaster[Consignee]),"") -> Rubis Energy Zambia | D22: =IFERROR(_xlfn.XLOOKUP($O$5,DealsMaster[Deal No.],DealsMaster[Loading Port]),"") -> Beira | I22: =IFERROR(_xlfn.XLOOKUP($O$5,DealsMaster[Deal No.],DealsMaster[Destination]),"") -> Lusaka | J22: =IFERROR(_xlfn.XLOOKUP($O$5,DealsMaster[Deal No.],DealsMaster[Product]),"") -> PMS | M22: =IF(OR(K22="",L22=""),"",L22-K22) | N22: =$O$6 -> 2 | O22: =IF(AND(C22<>"",K22<>"",K22<C22),"⚠ Arrival < Loaded",IF(AND(K22<>"",L22<>"",L22<K22),"⚠ Offloaded < Arrival",IF(M22="","",IF(M22>N22,"DEMURRAGE","OK")))) | P22: =IF(M22="","",MAX(0,M22-N22)*$O$7)
A23: =$O$5 -> 191610 | B23: =IFERROR(_xlfn.XLOOKUP($O$5,DealsMaster[Deal No.],DealsMaster[Consignee]),"") -> Rubis Energy Zambia | D23: =IFERROR(_xlfn.XLOOKUP($O$5,DealsMaster[Deal No.],DealsMaster[Loading Port]),"") -> Beira | I23: =IFERROR(_xlfn.XLOOKUP($O$5,DealsMaster[Deal No.],DealsMaster[Destination]),"") -> Lusaka | J23: =IFERROR(_xlfn.XLOOKUP($O$5,DealsMaster[Deal No.],DealsMaster[Product]),"") -> PMS | M23: =IF(OR(K23="",L23=""),"",L23-K23) | N23: =$O$6 -> 2 | O23: =IF(AND(C23<>"",K23<>"",K23<C23),"⚠ Arrival < Loaded",IF(AND(K23<>"",L23<>"",L23<K23),"⚠ Offloaded < Arrival",IF(M23="","",IF(M23>N23,"DEMURRAGE","OK")))) | P23: =IF(M23="","",MAX(0,M23-N23)*$O$7)
A24: =$O$5 -> 191610 | B24: =IFERROR(_xlfn.XLOOKUP($O$5,DealsMaster[Deal No.],DealsMaster[Consignee]),"") -> Rubis Energy Zambia | D24: =IFERROR(_xlfn.XLOOKUP($O$5,DealsMaster[Deal No.],DealsMaster[Loading Port]),"") -> Beira | I24: =IFERROR(_xlfn.XLOOKUP($O$5,DealsMaster[Deal No.],DealsMaster[Destination]),"") -> Lusaka | J24: =IFERROR(_xlfn.XLOOKUP($O$5,DealsMaster[Deal No.],DealsMaster[Product]),"") -> PMS | M24: =IF(OR(K24="",L24=""),"",L24-K24) | N24: =$O$6 -> 2 | O24: =IF(AND(C24<>"",K24<>"",K24<C24),"⚠ Arrival < Loaded",IF(AND(K24<>"",L24<>"",L24<K24),"⚠ Offloaded < Arrival",IF(M24="","",IF(M24>N24,"DEMURRAGE","OK")))) | P24: =IF(M24="","",MAX(0,M24-N24)*$O$7)
A25: =$O$5 -> 191610 | B25: =IFERROR(_xlfn.XLOOKUP($O$5,DealsMaster[Deal No.],DealsMaster[Consignee]),"") -> Rubis Energy Zambia | D25: =IFERROR(_xlfn.XLOOKUP($O$5,DealsMaster[Deal No.],DealsMaster[Loading Port]),"") -> Beira | I25: =IFERROR(_xlfn.XLOOKUP($O$5,DealsMaster[Deal No.],DealsMaster[Destination]),"") -> Lusaka | J25: =IFERROR(_xlfn.XLOOKUP($O$5,DealsMaster[Deal No.],DealsMaster[Product]),"") -> PMS | M25: =IF(OR(K25="",L25=""),"",L25-K25) | N25: =$O$6 -> 2 | O25: =IF(AND(C25<>"",K25<>"",K25<C25),"⚠ Arrival < Loaded",IF(AND(K25<>"",L25<>"",L25<K25),"⚠ Offloaded < Arrival",IF(M25="","",IF(M25>N25,"DEMURRAGE","OK")))) | P25: =IF(M25="","",MAX(0,M25-N25)*$O$7)
A26: =$O$5 -> 191610 | B26: =IFERROR(_xlfn.XLOOKUP($O$5,DealsMaster[Deal No.],DealsMaster[Consignee]),"") -> Rubis Energy Zambia | D26: =IFERROR(_xlfn.XLOOKUP($O$5,DealsMaster[Deal No.],DealsMaster[Loading Port]),"") -> Beira | I26: =IFERROR(_xlfn.XLOOKUP($O$5,DealsMaster[Deal No.],DealsMaster[Destination]),"") -> Lusaka | J26: =IFERROR(_xlfn.XLOOKUP($O$5,DealsMaster[Deal No.],DealsMaster[Product]),"") -> PMS | M26: =IF(OR(K26="",L26=""),"",L26-K26) | N26: =$O$6 -> 2 | O26: =IF(AND(C26<>"",K26<>"",K26<C26),"⚠ Arrival < Loaded",IF(AND(K26<>"",L26<>"",L26<K26),"⚠ Offloaded < Arrival",IF(M26="","",IF(M26>N26,"DEMURRAGE","OK")))) | P26: =IF(M26="","",MAX(0,M26-N26)*$O$7)
A27: =$O$5 -> 191610 | B27: =IFERROR(_xlfn.XLOOKUP($O$5,DealsMaster[Deal No.],DealsMaster[Consignee]),"") -> Rubis Energy Zambia | D27: =IFERROR(_xlfn.XLOOKUP($O$5,DealsMaster[Deal No.],DealsMaster[Loading Port]),"") -> Beira | I27: =IFERROR(_xlfn.XLOOKUP($O$5,DealsMaster[Deal No.],DealsMaster[Destination]),"") -> Lusaka | J27: =IFERROR(_xlfn.XLOOKUP($O$5,DealsMaster[Deal No.],DealsMaster[Product]),"") -> PMS | M27: =IF(OR(K27="",L27=""),"",L27-K27) | N27: =$O$6 -> 2 | O27: =IF(AND(C27<>"",K27<>"",K27<C27),"⚠ Arrival < Loaded",IF(AND(K27<>"",L27<>"",L27<K27),"⚠ Offloaded < Arrival",IF(M27="","",IF(M27>N27,"DEMURRAGE","OK")))) | P27: =IF(M27="","",MAX(0,M27-N27)*$O$7)
A28: =$O$5 -> 191610 | B28: =IFERROR(_xlfn.XLOOKUP($O$5,DealsMaster[Deal No.],DealsMaster[Consignee]),"") -> Rubis Energy Zambia | D28: =IFERROR(_xlfn.XLOOKUP($O$5,DealsMaster[Deal No.],DealsMaster[Loading Port]),"") -> Beira | I28: =IFERROR(_xlfn.XLOOKUP($O$5,DealsMaster[Deal No.],DealsMaster[Destination]),"") -> Lusaka | J28: =IFERROR(_xlfn.XLOOKUP($O$5,DealsMaster[Deal No.],DealsMaster[Product]),"") -> PMS | M28: =IF(OR(K28="",L28=""),"",L28-K28) | N28: =$O$6 -> 2 | O28: =IF(AND(C28<>"",K28<>"",K28<C28),"⚠ Arrival < Loaded",IF(AND(K28<>"",L28<>"",L28<K28),"⚠ Offloaded < Arrival",IF(M28="","",IF(M28>N28,"DEMURRAGE","OK")))) | P28: =IF(M28="","",MAX(0,M28-N28)*$O$7)
A29: =$O$5 -> 191610 | B29: =IFERROR(_xlfn.XLOOKUP($O$5,DealsMaster[Deal No.],DealsMaster[Consignee]),"") -> Rubis Energy Zambia | D29: =IFERROR(_xlfn.XLOOKUP($O$5,DealsMaster[Deal No.],DealsMaster[Loading Port]),"") -> Beira | I29: =IFERROR(_xlfn.XLOOKUP($O$5,DealsMaster[Deal No.],DealsMaster[Destination]),"") -> Lusaka | J29: =IFERROR(_xlfn.XLOOKUP($O$5,DealsMaster[Deal No.],DealsMaster[Product]),"") -> PMS | M29: =IF(OR(K29="",L29=""),"",L29-K29) | N29: =$O$6 -> 2 | O29: =IF(AND(C29<>"",K29<>"",K29<C29),"⚠ Arrival < Loaded",IF(AND(K29<>"",L29<>"",L29<K29),"⚠ Offloaded < Arrival",IF(M29="","",IF(M29>N29,"DEMURRAGE","OK")))) | P29: =IF(M29="","",MAX(0,M29-N29)*$O$7)
A30: =$O$5 -> 191610 | B30: =IFERROR(_xlfn.XLOOKUP($O$5,DealsMaster[Deal No.],DealsMaster[Consignee]),"") -> Rubis Energy Zambia | D30: =IFERROR(_xlfn.XLOOKUP($O$5,DealsMaster[Deal No.],DealsMaster[Loading Port]),"") -> Beira | I30: =IFERROR(_xlfn.XLOOKUP($O$5,DealsMaster[Deal No.],DealsMaster[Destination]),"") -> Lusaka | J30: =IFERROR(_xlfn.XLOOKUP($O$5,DealsMaster[Deal No.],DealsMaster[Product]),"") -> PMS | M30: =IF(OR(K30="",L30=""),"",L30-K30) | N30: =$O$6 -> 2 | O30: =IF(AND(C30<>"",K30<>"",K30<C30),"⚠ Arrival < Loaded",IF(AND(K30<>"",L30<>"",L30<K30),"⚠ Offloaded < Arrival",IF(M30="","",IF(M30>N30,"DEMURRAGE","OK")))) | P30: =IF(M30="","",MAX(0,M30-N30)*$O$7)
A31: =$O$5 -> 191610 | B31: =IFERROR(_xlfn.XLOOKUP($O$5,DealsMaster[Deal No.],DealsMaster[Consignee]),"") -> Rubis Energy Zambia | D31: =IFERROR(_xlfn.XLOOKUP($O$5,DealsMaster[Deal No.],DealsMaster[Loading Port]),"") -> Beira | I31: =IFERROR(_xlfn.XLOOKUP($O$5,DealsMaster[Deal No.],DealsMaster[Destination]),"") -> Lusaka | J31: =IFERROR(_xlfn.XLOOKUP($O$5,DealsMaster[Deal No.],DealsMaster[Product]),"") -> PMS | M31: =IF(OR(K31="",L31=""),"",L31-K31) | N31: =$O$6 -> 2 | O31: =IF(AND(C31<>"",K31<>"",K31<C31),"⚠ Arrival < Loaded",IF(AND(K31<>"",L31<>"",L31<K31),"⚠ Offloaded < Arrival",IF(M31="","",IF(M31>N31,"DEMURRAGE","OK")))) | P31: =IF(M31="","",MAX(0,M31-N31)*$O$7)
A32: TOTAL | P32: =SUBTOTAL(109,P10:P31) -> 0

Sheet 184182-RUBIS-BEIRA-LSK
C1: =IF(O5=0,"DEMURRAGE CALCULATION — [ENTER DEAL NO. ABOVE]","DEMURRAGE CALCULATION — "&TEXT(O5,"0")&" - "&UPPER(IFERROR(_xlfn.XLOOKUP(O5,DealsMaster[Deal No.],DealsMaster[Consignee]),""))&" - "&UPPER(IFERROR(_xlfn.XLOOKUP(O5,DealsMaster[Deal No.],DealsMaster[Route]),""))) -> DEMURRAGE CALCULATION — 184182 - RUBIS ENERGY ZAMBIA - BEIRA → LUSAKA
C3: KEY METRICS
C4: TOTAL OWED | F4: # IN DEMURRAGE | N4: DEAL DEFAULTS
C5: =SUM('184182-RUBIS-BEIRA-LSK'!$P$10:$P$22) -> 3250 | F5: =COUNTIF('184182-RUBIS-BEIRA-LSK'!$O$10:$O$22,"DEMURRAGE")&" / "&COUNTA('184182-RUBIS-BEIRA-LSK'!$A$10:$A$22) -> 5 / 13 | N5: Deal No. | O5: 184182
N6: Laytime (days) | O6: =IFERROR(_xlfn.XLOOKUP($O$5,DealsMaster[Deal No.],DealsMaster[Laytime Allowance (days)]),0) -> 2
N7: Rate (USD/day) | O7: =IFERROR(_xlfn.XLOOKUP($O$5,DealsMaster[Deal No.],DealsMaster[Demurrage Rate (USD/day)]),0) -> 250
A8: HOW TO USE: | B8: 1️⃣ Enter Deal No. in the gold box above → 2️⃣ Fill in truck details (columns C–L) row by row → 3️⃣ Demurrage calculates automatically → 4️⃣ Rename the sheet tab when done
A9: MOCOH Deal No. | B9: Consignee | C9: Date Loaded | D9: Loading Port | E9: Truck No. | F9: Trailer Reg. | G9: Transporter | H9: Driver Name | I9: Destination | J9: Product | K9: Arrival Date at Offloading | L9: Offloaded Date | M9: Total Waiting Days | N9: Laytime Used (days) | O9: Sanity Check | P9: Total Demurrage to Invoice (USD)
A10: =$O$5 -> 184182 | B10: =IFERROR(_xlfn.XLOOKUP($O$5,DealsMaster[Deal No.],DealsMaster[Consignee]),"") -> Rubis Energy Zambia | C10: 45994 | D10: =IFERROR(_xlfn.XLOOKUP($O$5,DealsMaster[Deal No.],DealsMaster[Loading Port]),"") -> Beira | E10: AGZ4447 | F10: AHD0019 | G10: Truckeaze | H10: Solomon Mudondiro | I10: =IFERROR(_xlfn.XLOOKUP($O$5,DealsMaster[Deal No.],DealsMaster[Destination]),"") -> Lusaka | J10: =IFERROR(_xlfn.XLOOKUP($O$5,DealsMaster[Deal No.],DealsMaster[Product]),"") -> AGO | K10: 46002 | L10: 46004 | M10: =IF(OR(K10="",L10=""),"",L10-K10) -> 2 | N10: =$O$6 -> 2 | O10: =IF(AND(C10<>"",K10<>"",K10<C10),"⚠ Arrival < Loaded",IF(AND(K10<>"",L10<>"",L10<K10),"⚠ Offloaded < Arrival",IF(M10="","",IF(M10>N10,"DEMURRAGE","OK")))) -> OK | P10: =IF(M10="","",MAX(0,M10-N10)*$O$7) -> 0
A11: =$O$5 -> 184182 | B11: =IFERROR(_xlfn.XLOOKUP($O$5,DealsMaster[Deal No.],DealsMaster[Consignee]),"") -> Rubis Energy Zambia | C11: 45992 | D11: =IFERROR(_xlfn.XLOOKUP($O$5,DealsMaster[Deal No.],DealsMaster[Loading Port]),"") -> Beira | E11: AHA2259 | F11: AHD0551 | G11: Truckeaze | H11: Daniel Ndabaningi | I11: =IFERROR(_xlfn.XLOOKUP($O$5,DealsMaster[Deal No.],DealsMaster[Destination]),"") -> Lusaka | J11: =IFERROR(_xlfn.XLOOKUP($O$5,DealsMaster[Deal No.],DealsMaster[Product]),"") -> AGO | K11: 45999 | L11: 46000 | M11: =IF(OR(K11="",L11=""),"",L11-K11) -> 1 | N11: =$O$6 -> 2 | O11: =IF(AND(C11<>"",K11<>"",K11<C11),"⚠ Arrival < Loaded",IF(AND(K11<>"",L11<>"",L11<K11),"⚠ Offloaded < Arrival",IF(M11="","",IF(M11>N11,"DEMURRAGE","OK")))) -> OK | P11: =IF(M11="","",MAX(0,M11-N11)*$O$7) -> 0
A12: =$O$5 -> 184182 | B12: =IFERROR(_xlfn.XLOOKUP($O$5,DealsMaster[Deal No.],DealsMaster[Consignee]),"") -> Rubis Energy Zambia | C12: 45995 | D12: =IFERROR(_xlfn.XLOOKUP($O$5,DealsMaster[Deal No.],DealsMaster[Loading Port]),"") -> Beira | E12: AGZ4446 | F12: AHD0018 | G12: Truckeaze | H12: Artwell Billiat | I12: =IFERROR(_xlfn.XLOOKUP($O$5,DealsMaster[Deal No.],DealsMaster[Destination]),"") -> Lusaka | J12: =IFERROR(_xlfn.XLOOKUP($O$5,DealsMaster[Deal No.],DealsMaster[Product]),"") -> AGO | K12: 46007 | L12: 46008 | M12: =IF(OR(K12="",L12=""),"",L12-K12) -> 1 | N12: =$O$6 -> 2 | O12: =IF(AND(C12<>"",K12<>"",K12<C12),"⚠ Arrival < Loaded",IF(AND(K12<>"",L12<>"",L12<K12),"⚠ Offloaded < Arrival",IF(M12="","",IF(M12>N12,"DEMURRAGE","OK")))) -> OK | P12: =IF(M12="","",MAX(0,M12-N12)*$O$7) -> 0
A13: =$O$5 -> 184182 | B13: =IFERROR(_xlfn.XLOOKUP($O$5,DealsMaster[Deal No.],DealsMaster[Consignee]),"") -> Rubis Energy Zambia | C13: 45994 | D13: =IFERROR(_xlfn.XLOOKUP($O$5,DealsMaster[Deal No.],DealsMaster[Loading Port]),"") -> Beira | E13: AGZ3864 | F13: AGK6600 | G13: Truckeaze | H13: Alban Onismo | I13: =IFERROR(_xlfn.XLOOKUP($O$5,DealsMaster[Deal No.],DealsMaster[Destination]),"") -> Lusaka | J13: =IFERROR(_xlfn.XLOOKUP($O$5,DealsMaster[Deal No.],DealsMaster[Product]),"") -> AGO | K13: 46002 | L13: 46007 | M13: =IF(OR(K13="",L13=""),"",L13-K13) -> 5 | N13: =$O$6 -> 2 | O13: =IF(AND(C13<>"",K13<>"",K13<C13),"⚠ Arrival < Loaded",IF(AND(K13<>"",L13<>"",L13<K13),"⚠ Offloaded < Arrival",IF(M13="","",IF(M13>N13,"DEMURRAGE","OK")))) -> DEMURRAGE | P13: =IF(M13="","",MAX(0,M13-N13)*$O$7) -> 750
A14: =$O$5 -> 184182 | B14: =IFERROR(_xlfn.XLOOKUP($O$5,DealsMaster[Deal No.],DealsMaster[Consignee]),"") -> Rubis Energy Zambia | C14: 45994 | D14: =IFERROR(_xlfn.XLOOKUP($O$5,DealsMaster[Deal No.],DealsMaster[Loading Port]),"") -> Beira | E14: AHA2260 | F14: AHD0552 | G14: Truckeaze | H14: Blessing Manimanzi | I14: =IFERROR(_xlfn.XLOOKUP($O$5,DealsMaster[Deal No.],DealsMaster[Destination]),"") -> Lusaka | J14: =IFERROR(_xlfn.XLOOKUP($O$5,DealsMaster[Deal No.],DealsMaster[Product]),"") -> AGO | K14: 46000 | L14: 46002 | M14: =IF(OR(K14="",L14=""),"",L14-K14) -> 2 | N14: =$O$6 -> 2 | O14: =IF(AND(C14<>"",K14<>"",K14<C14),"⚠ Arrival < Loaded",IF(AND(K14<>"",L14<>"",L14<K14),"⚠ Offloaded < Arrival",IF(M14="","",IF(M14>N14,"DEMURRAGE","OK")))) -> OK | P14: =IF(M14="","",MAX(0,M14-N14)*$O$7) -> 0
A15: =$O$5 -> 184182 | B15: =IFERROR(_xlfn.XLOOKUP($O$5,DealsMaster[Deal No.],DealsMaster[Consignee]),"") -> Rubis Energy Zambia | C15: 45994 | D15: =IFERROR(_xlfn.XLOOKUP($O$5,DealsMaster[Deal No.],DealsMaster[Loading Port]),"") -> Beira | E15: AGL7682 | F15: AHD0567 | G15: Truckeaze | H15: Masotsha Nyoni | I15: =IFERROR(_xlfn.XLOOKUP($O$5,DealsMaster[Deal No.],DealsMaster[Destination]),"") -> Lusaka | J15: =IFERROR(_xlfn.XLOOKUP($O$5,DealsMaster[Deal No.],DealsMaster[Product]),"") -> AGO | K15: 46002 | L15: 46007 | M15: =IF(OR(K15="",L15=""),"",L15-K15) -> 5 | N15: =$O$6 -> 2 | O15: =IF(AND(C15<>"",K15<>"",K15<C15),"⚠ Arrival < Loaded",IF(AND(K15<>"",L15<>"",L15<K15),"⚠ Offloaded < Arrival",IF(M15="","",IF(M15>N15,"DEMURRAGE","OK")))) -> DEMURRAGE | P15: =IF(M15="","",MAX(0,M15-N15)*$O$7) -> 750
A16: =$O$5 -> 184182 | B16: =IFERROR(_xlfn.XLOOKUP($O$5,DealsMaster[Deal No.],DealsMaster[Consignee]),"") -> Rubis Energy Zambia | C16: 45994 | D16: =IFERROR(_xlfn.XLOOKUP($O$5,DealsMaster[Deal No.],DealsMaster[Loading Port]),"") -> Beira | E16: AGJ9268 | F16: AGK3620 | G16: Truckeaze | H16: Talkmore Ngonidzashe Gumbwa | I16: =IFERROR(_xlfn.XLOOKUP($O$5,DealsMaster[Deal No.],DealsMaster[Destination]),"") -> Lusaka | J16: =IFERROR(_xlfn.XLOOKUP($O$5,DealsMaster[Deal No.],DealsMaster[Product]),"") -> AGO | K16: 46002 | L16: 46007 | M16: =IF(OR(K16="",L16=""),"",L16-K16) -> 5 | N16: =$O$6 -> 2 | O16: =IF(AND(C16<>"",K16<>"",K16<C16),"⚠ Arrival < Loaded",IF(AND(K16<>"",L16<>"",L16<K16),"⚠ Offloaded < Arrival",IF(M16="","",IF(M16>N16,"DEMURRAGE","OK")))) -> DEMURRAGE | P16: =IF(M16="","",MAX(0,M16-N16)*$O$7) -> 750
A17: =$O$5 -> 184182 | B17: =IFERROR(_xlfn.XLOOKUP($O$5,DealsMaster[Deal No.],DealsMaster[Consignee]),"") -> Rubis Energy Zambia | C17: 45995 | D17: =IFERROR(_xlfn.XLOOKUP($O$5,DealsMaster[Deal No.],DealsMaster[Loading Port]),"") -> Beira | E17: AGJ9269 | F17: AGK3385 | G17: Truckeaze | H17: Trevor Shambare | I17: =IFERROR(_xlfn.XLOOKUP($O$5,DealsMaster[Deal No.],DealsMaster[Destination]),"") -> Lusaka | J17: =IFERROR(_xlfn.XLOOKUP($O$5,DealsMaster[Deal No.],DealsMaster[Product]),"") -> AGO | K17: 46007 | L17: 46009 | M17: =IF(OR(K17="",L17=""),"",L17-K17) -> 2 | N17: =$O$6 -> 2 | O17: =IF(AND(C17<>"",K17<>"",K17<C17),"⚠ Arrival < Loaded",IF(AND(K17<>"",L17<>"",L17<K17),"⚠ Offloaded < Arrival",IF(M17="","",IF(M17>N17,"DEMURRAGE","OK")))) -> OK | P17: =IF(M17="","",MAX(0,M17-N17)*$O$7) -> 0
A18: =$O$5 -> 184182 | B18: =IFERROR(_xlfn.XLOOKUP($O$5,DealsMaster[Deal No.],DealsMaster[Consignee]),"") -> Rubis Energy Zambia | C18: 45994 | D18: =IFERROR(_xlfn.XLOOKUP($O$5,DealsMaster[Deal No.],DealsMaster[Loading Port]),"") -> Beira | E18: AGZ4444 | F18: AHD0020 | G18: Truckeaze | H18: Noah Murenje | I18: =IFERROR(_xlfn.XLOOKUP($O$5,DealsMaster[Deal No.],DealsMaster[Destination]),"") -> Lusaka | J18: =IFERROR(_xlfn.XLOOKUP($O$5,DealsMaster[Deal No.],DealsMaster[Product]),"") -> AGO | K18: 46001 | L18: 46002 | M18: =IF(OR(K18="",L18=""),"",L18-K18) -> 1 | N18: =$O$6 -> 2 | O18: =IF(AND(C18<>"",K18<>"",K18<C18),"⚠ Arrival < Loaded",IF(AND(K18<>"",L18<>"",L18<K18),"⚠ Offloaded < Arrival",IF(M18="","",IF(M18>N18,"DEMURRAGE","OK")))) -> OK | P18: =IF(M18="","",MAX(0,M18-N18)*$O$7) -> 0
A19: =$O$5 -> 184182 | B19: =IFERROR(_xlfn.XLOOKUP($O$5,DealsMaster[Deal No.],DealsMaster[Consignee]),"") -> Rubis Energy Zambia | C19: 45992 | D19: =IFERROR(_xlfn.XLOOKUP($O$5,DealsMaster[Deal No.],DealsMaster[Loading Port]),"") -> Beira | E19: AGL5522 | F19: AGK6549 | G19: Truckeaze | H19: Neville Robson Kaukonde | I19: =IFERROR(_xlfn.XLOOKUP($O$5,DealsMaster[Deal No.],DealsMaster[Destination]),"") -> Lusaka | J19: =IFERROR(_xlfn.XLOOKUP($O$5,DealsMaster[Deal No.],DealsMaster[Product]),"") -> AGO | K19: 45999 | L19: 46000 | M19: =IF(OR(K19="",L19=""),"",L19-K19) -> 1 | N19: =$O$6 -> 2 | O19: =IF(AND(C19<>"",K19<>"",K19<C19),"⚠ Arrival < Loaded",IF(AND(K19<>"",L19<>"",L19<K19),"⚠ Offloaded < Arrival",IF(M19="","",IF(M19>N19,"DEMURRAGE","OK")))) -> OK | P19: =IF(M19="","",MAX(0,M19-N19)*$O$7) -> 0
A20: =$O$5 -> 184182 | B20: =IFERROR(_xlfn.XLOOKUP($O$5,DealsMaster[Deal No.],DealsMaster[Consignee]),"") -> Rubis Energy Zambia | C20: 45992 | D20: =IFERROR(_xlfn.XLOOKUP($O$5,DealsMaster[Deal No.],DealsMaster[Loading Port]),"") -> Beira | E20: AFQ9753 | F20: ABN8077 | G20: Truckeaze | H20: Bernard Dhinda | I20: =IFERROR(_xlfn.XLOOKUP($O$5,DealsMaster[Deal No.],DealsMaster[Destination]),"") -> Lusaka | J20: =IFERROR(_xlfn.XLOOKUP($O$5,DealsMaster[Deal No.],DealsMaster[Product]),"") -> AGO | K20: 46004 | L20: 46008 | M20: =IF(OR(K20="",L20=""),"",L20-K20) -> 4 | N20: =$O$6 -> 2 | O20: =IF(AND(C20<>"",K20<>"",K20<C20),"⚠ Arrival < Loaded",IF(AND(K20<>"",L20<>"",L20<K20),"⚠ Offloaded < Arrival",IF(M20="","",IF(M20>N20,"DEMURRAGE","OK")))) -> DEMURRAGE | P20: =IF(M20="","",MAX(0,M20-N20)*$O$7) -> 500
A21: =$O$5 -> 184182 | B21: =IFERROR(_xlfn.XLOOKUP($O$5,DealsMaster[Deal No.],DealsMaster[Consignee]),"") -> Rubis Energy Zambia | C21: 45992 | D21: =IFERROR(_xlfn.XLOOKUP($O$5,DealsMaster[Deal No.],DealsMaster[Loading Port]),"") -> Beira | E21: AGJ0464 | F21: AHD0382 | G21: Truckeaze | H21: Ranganai Tarasizio Kabanya | I21: =IFERROR(_xlfn.XLOOKUP($O$5,DealsMaster[Deal No.],DealsMaster[Destination]),"") -> Lusaka | J21: =IFERROR(_xlfn.XLOOKUP($O$5,DealsMaster[Deal No.],DealsMaster[Product]),"") -> AGO | K21: 46004 | L21: 46008 | M21: =IF(OR(K21="",L21=""),"",L21-K21) -> 4 | N21: =$O$6 -> 2 | O21: =IF(AND(C21<>"",K21<>"",K21<C21),"⚠ Arrival < Loaded",IF(AND(K21<>"",L21<>"",L21<K21),"⚠ Offloaded < Arrival",IF(M21="","",IF(M21>N21,"DEMURRAGE","OK")))) -> DEMURRAGE | P21: =IF(M21="","",MAX(0,M21-N21)*$O$7) -> 500
A22: =$O$5 -> 184182 | B22: =IFERROR(_xlfn.XLOOKUP($O$5,DealsMaster[Deal No.],DealsMaster[Consignee]),"") -> Rubis Energy Zambia | C22: 45993 | D22: =IFERROR(_xlfn.XLOOKUP($O$5,DealsMaster[Deal No.],DealsMaster[Loading Port]),"") -> Beira | E22: AEZ9150 | F22: AGK6758 | G22: Truckeaze | H22: Stanley Munyebvu | I22: =IFERROR(_xlfn.XLOOKUP($O$5,DealsMaster[Deal No.],DealsMaster[Destination]),"") -> Lusaka | J22: =IFERROR(_xlfn.XLOOKUP($O$5,DealsMaster[Deal No.],DealsMaster[Product]),"") -> AGO | K22: 45999 | L22: 46001 | M22: =IF(OR(K22="",L22=""),"",L22-K22) -> 2 | N22: =$O$6 -> 2 | O22: =IF(AND(C22<>"",K22<>"",K22<C22),"⚠ Arrival < Loaded",IF(AND(K22<>"",L22<>"",L22<K22),"⚠ Offloaded < Arrival",IF(M22="","",IF(M22>N22,"DEMURRAGE","OK")))) -> OK | P22: =IF(M22="","",MAX(0,M22-N22)*$O$7) -> 0
A23: TOTAL | P23: =SUBTOTAL(109,P10:P22) -> 3250

Sheet 190778-LAKE-BEIRA-LSK
C1: =IF(O5=0,"DEMURRAGE CALCULATION — [ENTER DEAL NO. ABOVE]","DEMURRAGE CALCULATION — "&TEXT(O5,"0")&" - "&UPPER(IFERROR(_xlfn.XLOOKUP(O5,DealsMaster[Deal No.],DealsMaster[Consignee]),""))&" - "&UPPER(IFERROR(_xlfn.XLOOKUP(O5,DealsMaster[Deal No.],DealsMaster[Route]),""))) -> DEMURRAGE CALCULATION — 190778 - LAKE PETROLEUM ZAMBIA - BEIRA → LUSAKA
C3: KEY METRICS
C4: TOTAL OWED | F4: # IN DEMURRAGE | N4: DEAL DEFAULTS
C5: =SUM('190778-LAKE-BEIRA-LSK'!$P$10:$P$22) -> 0 | F5: =COUNTIF($O$10:$O$33,"DEMURRAGE")&" / "&COUNTA($A$10:$A$33) | N5: Deal No. | O5: 190778
N6: Laytime (days) | O6: =IFERROR(_xlfn.XLOOKUP($O$5,DealsMaster[Deal No.],DealsMaster[Laytime Allowance (days)]),0) -> 2
N7: Rate (USD/day) | O7: =IFERROR(_xlfn.XLOOKUP($O$5,DealsMaster[Deal No.],DealsMaster[Demurrage Rate (USD/day)]),0) -> 250
A8: HOW TO USE: | B8: 1️⃣ Enter Deal No. in the gold box above → 2️⃣ Fill in truck details (columns C–L) row by row → 3️⃣ Demurrage calculates automatically → 4️⃣ Rename the sheet tab when done
A9: MOCOH Deal No. | B9: Consignee | C9: Date Loaded | D9: Loading Port | E9: Truck No. | F9: Trailer Reg. | G9: Transporter | H9: Driver Name | I9: Destination | J9: Product | K9: Arrival Date at Offloading | L9: Offloaded Date | M9: Total Waiting Days | N9: Laytime Used (days) | O9: Sanity Check | P9: Total Demurrage to Invoice (USD)
A10: =$O$5 -> 190778 | B10: =IFERROR(_xlfn.XLOOKUP($O$5,DealsMaster[Deal No.],DealsMaster[Consignee]),"") -> Lake Petroleum Zambia | D10: =IFERROR(_xlfn.XLOOKUP($O$5,DealsMaster[Deal No.],DealsMaster[Loading Port]),"") -> Beira | I10: =IFERROR(_xlfn.XLOOKUP($O$5,DealsMaster[Deal No.],DealsMaster[Destination]),"") -> Lusaka | J10: =IFERROR(_xlfn.XLOOKUP($O$5,DealsMaster[Deal No.],DealsMaster[Product]),"") -> AGO | M10: =IF(OR(K10="",L10=""),"",L10-K10) | N10: =$O$6 -> 2 | O10: =IF(AND(C10<>"",K10<>"",K10<C10),"⚠ Arrival < Loaded",IF(AND(K10<>"",L10<>"",L10<K10),"⚠ Offloaded < Arrival",IF(M10="","",IF(M10>N10,"DEMURRAGE","OK")))) | P10: =IF(M10="","",MAX(0,M10-N10)*$O$7)
A11: =$O$5 -> 190778 | B11: =IFERROR(_xlfn.XLOOKUP($O$5,DealsMaster[Deal No.],DealsMaster[Consignee]),"") -> Lake Petroleum Zambia | D11: =IFERROR(_xlfn.XLOOKUP($O$5,DealsMaster[Deal No.],DealsMaster[Loading Port]),"") -> Beira | I11: =IFERROR(_xlfn.XLOOKUP($O$5,DealsMaster[Deal No.],DealsMaster[Destination]),"") -> Lusaka | J11: =IFERROR(_xlfn.XLOOKUP($O$5,DealsMaster[Deal No.],DealsMaster[Product]),"") -> AGO | M11: =IF(OR(K11="",L11=""),"",L11-K11) | N11: =$O$6 -> 2 | O11: =IF(AND(C11<>"",K11<>"",K11<C11),"⚠ Arrival < Loaded",IF(AND(K11<>"",L11<>"",L11<K11),"⚠ Offloaded < Arrival",IF(M11="","",IF(M11>N11,"DEMURRAGE","OK")))) | P11: =IF(M11="","",MAX(0,M11-N11)*$O$7)
A12: =$O$5 -> 190778 | B12: =IFERROR(_xlfn.XLOOKUP($O$5,DealsMaster[Deal No.],DealsMaster[Consignee]),"") -> Lake Petroleum Zambia | D12: =IFERROR(_xlfn.XLOOKUP($O$5,DealsMaster[Deal No.],DealsMaster[Loading Port]),"") -> Beira | I12: =IFERROR(_xlfn.XLOOKUP($O$5,DealsMaster[Deal No.],DealsMaster[Destination]),"") -> Lusaka | J12: =IFERROR(_xlfn.XLOOKUP($O$5,DealsMaster[Deal No.],DealsMaster[Product]),"") -> AGO | M12: =IF(OR(K12="",L12=""),"",L12-K12) | N12: =$O$6 -> 2 | O12: =IF(AND(C12<>"",K12<>"",K12<C12),"⚠ Arrival < Loaded",IF(AND(K12<>"",L12<>"",L12<K12),"⚠ Offloaded < Arrival",IF(M12="","",IF(M12>N12,"DEMURRAGE","OK")))) | P12: =IF(M12="","",MAX(0,M12-N12)*$O$7)
A13: =$O$5 -> 190778 | B13: =IFERROR(_xlfn.XLOOKUP($O$5,DealsMaster[Deal No.],DealsMaster[Consignee]),"") -> Lake Petroleum Zambia | D13: =IFERROR(_xlfn.XLOOKUP($O$5,DealsMaster[Deal No.],DealsMaster[Loading Port]),"") -> Beira | I13: =IFERROR(_xlfn.XLOOKUP($O$5,DealsMaster[Deal No.],DealsMaster[Destination]),"") -> Lusaka | J13: =IFERROR(_xlfn.XLOOKUP($O$5,DealsMaster[Deal No.],DealsMaster[Product]),"") -> AGO | M13: =IF(OR(K13="",L13=""),"",L13-K13) | N13: =$O$6 -> 2 | O13: =IF(AND(C13<>"",K13<>"",K13<C13),"⚠ Arrival < Loaded",IF(AND(K13<>"",L13<>"",L13<K13),"⚠ Offloaded < Arrival",IF(M13="","",IF(M13>N13,"DEMURRAGE","OK")))) | P13: =IF(M13="","",MAX(0,M13-N13)*$O$7)
A14: =$O$5 -> 190778 | B14: =IFERROR(_xlfn.XLOOKUP($O$5,DealsMaster[Deal No.],DealsMaster[Consignee]),"") -> Lake Petroleum Zambia | D14: =IFERROR(_xlfn.XLOOKUP($O$5,DealsMaster[Deal No.],DealsMaster[Loading Port]),"") -> Beira | I14: =IFERROR(_xlfn.XLOOKUP($O$5,DealsMaster[Deal No.],DealsMaster[Destination]),"") -> Lusaka | J14: =IFERROR(_xlfn.XLOOKUP($O$5,DealsMaster[Deal No.],DealsMaster[Product]),"") -> AGO | M14: =IF(OR(K14="",L14=""),"",L14-K14) | N14: =$O$6 -> 2 | O14: =IF(AND(C14<>"",K14<>"",K14<C14),"⚠ Arrival < Loaded",IF(AND(K14<>"",L14<>"",L14<K14),"⚠ Offloaded < Arrival",IF(M14="","",IF(M14>N14,"DEMURRAGE","OK")))) | P14: =IF(M14="","",MAX(0,M14-N14)*$O$7)
A15: =$O$5 -> 190778 | B15: =IFERROR(_xlfn.XLOOKUP($O$5,DealsMaster[Deal No.],DealsMaster[Consignee]),"") -> Lake Petroleum Zambia | D15: =IFERROR(_xlfn.XLOOKUP($O$5,DealsMaster[Deal No.],DealsMaster[Loading Port]),"") -> Beira | I15: =IFERROR(_xlfn.XLOOKUP($O$5,DealsMaster[Deal No.],DealsMaster[Destination]),"") -> Lusaka | J15: =IFERROR(_xlfn.XLOOKUP($O$5,DealsMaster[Deal No.],DealsMaster[Product]),"") -> AGO | M15: =IF(OR(K15="",L15=""),"",L15-K15) | N15: =$O$6 -> 2 | O15: =IF(AND(C15<>"",K15<>"",K15<C15),"⚠ Arrival < Loaded",IF(AND(K15<>"",L15<>"",L15<K15),"⚠ Offloaded < Arrival",IF(M15="","",IF(M15>N15,"DEMURRAGE","OK")))) | P15: =IF(M15="","",MAX(0,M15-N15)*$O$7)
A16: =$O$5 -> 190778 | B16: =IFERROR(_xlfn.XLOOKUP($O$5,DealsMaster[Deal No.],DealsMaster[Consignee]),"") -> Lake Petroleum Zambia | D16: =IFERROR(_xlfn.XLOOKUP($O$5,DealsMaster[Deal No.],DealsMaster[Loading Port]),"") -> Beira | I16: =IFERROR(_xlfn.XLOOKUP($O$5,DealsMaster[Deal No.],DealsMaster[Destination]),"") -> Lusaka | J16: =IFERROR(_xlfn.XLOOKUP($O$5,DealsMaster[Deal No.],DealsMaster[Product]),"") -> AGO | M16: =IF(OR(K16="",L16=""),"",L16-K16) | N16: =$O$6 -> 2 | O16: =IF(AND(C16<>"",K16<>"",K16<C16),"⚠ Arrival < Loaded",IF(AND(K16<>"",L16<>"",L16<K16),"⚠ Offloaded < Arrival",IF(M16="","",IF(M16>N16,"DEMURRAGE","OK")))) | P16: =IF(M16="","",MAX(0,M16-N16)*$O$7)
A17: =$O$5 -> 190778 | B17: =IFERROR(_xlfn.XLOOKUP($O$5,DealsMaster[Deal No.],DealsMaster[Consignee]),"") -> Lake Petroleum Zambia | D17: =IFERROR(_xlfn.XLOOKUP($O$5,DealsMaster[Deal No.],DealsMaster[Loading Port]),"") -> Beira | I17: =IFERROR(_xlfn.XLOOKUP($O$5,DealsMaster[Deal No.],DealsMaster[Destination]),"") -> Lusaka | J17: =IFERROR(_xlfn.XLOOKUP($O$5,DealsMaster[Deal No.],DealsMaster[Product]),"") -> AGO | M17: =IF(OR(K17="",L17=""),"",L17-K17) | N17: =$O$6 -> 2 | O17: =IF(AND(C17<>"",K17<>"",K17<C17),"⚠ Arrival < Loaded",IF(AND(K17<>"",L17<>"",L17<K17),"⚠ Offloaded < Arrival",IF(M17="","",IF(M17>N17,"DEMURRAGE","OK")))) | P17: =IF(M17="","",MAX(0,M17-N17)*$O$7)
A18: =$O$5 -> 190778 | B18: =IFERROR(_xlfn.XLOOKUP($O$5,DealsMaster[Deal No.],DealsMaster[Consignee]),"") -> Lake Petroleum Zambia | D18: =IFERROR(_xlfn.XLOOKUP($O$5,DealsMaster[Deal No.],DealsMaster[Loading Port]),"") -> Beira | I18: =IFERROR(_xlfn.XLOOKUP($O$5,DealsMaster[Deal No.],DealsMaster[Destination]),"") -> Lusaka | J18: =IFERROR(_xlfn.XLOOKUP($O$5,DealsMaster[Deal No.],DealsMaster[Product]),"") -> AGO | M18: =IF(OR(K18="",L18=""),"",L18-K18) | N18: =$O$6 -> 2 | O18: =IF(AND(C18<>"",K18<>"",K18<C18),"⚠ Arrival < Loaded",IF(AND(K18<>"",L18<>"",L18<K18),"⚠ Offloaded < Arrival",IF(M18="","",IF(M18>N18,"DEMURRAGE","OK")))) | P18: =IF(M18="","",MAX(0,M18-N18)*$O$7)
A19: =$O$5 -> 190778 | B19: =IFERROR(_xlfn.XLOOKUP($O$5,DealsMaster[Deal No.],DealsMaster[Consignee]),"") -> Lake Petroleum Zambia | D19: =IFERROR(_xlfn.XLOOKUP($O$5,DealsMaster[Deal No.],DealsMaster[Loading Port]),"") -> Beira | I19: =IFERROR(_xlfn.XLOOKUP($O$5,DealsMaster[Deal No.],DealsMaster[Destination]),"") -> Lusaka | J19: =IFERROR(_xlfn.XLOOKUP($O$5,DealsMaster[Deal No.],DealsMaster[Product]),"") -> AGO | M19: =IF(OR(K19="",L19=""),"",L19-K19) | N19: =$O$6 -> 2 | O19: =IF(AND(C19<>"",K19<>"",K19<C19),"⚠ Arrival < Loaded",IF(AND(K19<>"",L19<>"",L19<K19),"⚠ Offloaded < Arrival",IF(M19="","",IF(M19>N19,"DEMURRAGE","OK")))) | P19: =IF(M19="","",MAX(0,M19-N19)*$O$7)
A20: =$O$5 -> 190778 | B20: =IFERROR(_xlfn.XLOOKUP($O$5,DealsMaster[Deal No.],DealsMaster[Consignee]),"") -> Lake Petroleum Zambia | D20: =IFERROR(_xlfn.XLOOKUP($O$5,DealsMaster[Deal No.],DealsMaster[Loading Port]),"") -> Beira | I20: =IFERROR(_xlfn.XLOOKUP($O$5,DealsMaster[Deal No.],DealsMaster[Destination]),"") -> Lusaka | J20: =IFERROR(_xlfn.XLOOKUP($O$5,DealsMaster[Deal No.],DealsMaster[Product]),"") -> AGO | M20: =IF(OR(K20="",L20=""),"",L20-K20) | N20: =$O$6 -> 2 | O20: =IF(AND(C20<>"",K20<>"",K20<C20),"⚠ Arrival < Loaded",IF(AND(K20<>"",L20<>"",L20<K20),"⚠ Offloaded < Arrival",IF(M20="","",IF(M20>N20,"DEMURRAGE","OK")))) | P20: =IF(M20="","",MAX(0,M20-N20)*$O$7)
A21: =$O$5 -> 190778 | B21: =IFERROR(_xlfn.XLOOKUP($O$5,DealsMaster[Deal No.],DealsMaster[Consignee]),"") -> Lake Petroleum Zambia | D21: =IFERROR(_xlfn.XLOOKUP($O$5,DealsMaster[Deal No.],DealsMaster[Loading Port]),"") -> Beira | I21: =IFERROR(_xlfn.XLOOKUP($O$5,DealsMaster[Deal No.],DealsMaster[Destination]),"") -> Lusaka | J21: =IFERROR(_xlfn.XLOOKUP($O$5,DealsMaster[Deal No.],DealsMaster[Product]),"") -> AGO | M21: =IF(OR(K21="",L21=""),"",L21-K21) | N21: =$O$6 -> 2 | O21: =IF(AND(C21<>"",K21<>"",K21<C21),"⚠ Arrival < Loaded",IF(AND(K21<>"",L21<>"",L21<K21),"⚠ Offloaded < Arrival",IF(M21="","",IF(M21>N21,"DEMURRAGE","OK")))) | P21: =IF(M21="","",MAX(0,M21-N21)*$O$7)
... A33: =$O$5 -> 190778 | B33: =IFERROR(_xlfn.XLOOKUP($O$5,DealsMaster[Deal No.],DealsMaster[Consignee]),"") -> Lake Petroleum Zambia | D33: =IFERROR(_xlfn.XLOOKUP($O$5,DealsMaster[Deal No.],DealsMaster[Loading Port]),"") -> Beira | I33: =IFERROR(_xlfn.XLOOKUP($O$5,DealsMaster[Deal No.],DealsMaster[Destination]),"") -> Lusaka | J33: =IFERROR(_xlfn.XLOOKUP($O$5,DealsMaster[Deal No.],DealsMaster[Product]),"") -> AGO | M33: =IF(OR(K33="",L33=""),"",L33-K33) | N33: =$O$6 -> 2 | O33: =IF(AND(C33<>"",K33<>"",K33<C33),"⚠ Arrival < Loaded",IF(AND(K33<>"",L33<>"",L33<K33),"⚠ Offloaded < Arrival",IF(M33="","",IF(M33>N33,"DEMURRAGE","OK")))) | P33: =IF(M33="","",MAX(0,M33-N33)*$O$7)
A34: TOTAL | P34: =SUBTOTAL(109,P10:P22) -> 0

Sheet TEMPLATE
C1: =IF(O5=0,"DEMURRAGE CALCULATION — [ENTER DEAL NO. ABOVE]","DEMURRAGE CALCULATION — "&TEXT(O5,"0")&" - "&UPPER(IFERROR(_xlfn.XLOOKUP(O5,DealsMaster[Deal No.],DealsMaster[Consignee]),""))&" - "&UPPER(IFERROR(_xlfn.XLOOKUP(O5,DealsMaster[Deal No.],DealsMaster[Route]),""))) -> DEMURRAGE CALCULATION — [ENTER DEAL NO. ABOVE]
C3: KEY METRICS
C4: TOTAL OWED | F4: # IN DEMURRAGE | N4: DEAL DEFAULTS
C5: =SUM(TEMPLATE!$P$10:$P$22) -> 0 | F5: =COUNTIF(TEMPLATE!$O$10:$O$30,"DEMURRAGE")&" / "&COUNTA(TEMPLATE!$A$10:$A$30) | N5: Deal No.
N6: Laytime (days) | O6: =IFERROR(_xlfn.XLOOKUP($O$5,DealsMaster[Deal No.],DealsMaster[Laytime Allowance (days)]),0) -> 0
N7: Rate (USD/day) | O7: =IFERROR(_xlfn.XLOOKUP($O$5,DealsMaster[Deal No.],DealsMaster[Demurrage Rate (USD/day)]),0) -> 0
A8: HOW TO USE: | B8: 1️⃣ Enter Deal No. in the gold box above → 2️⃣ Fill in truck details (columns C–L) row by row → 3️⃣ Demurrage calculates automatically → 4️⃣ Rename the sheet tab when done
A9: MOCOH Deal No. | B9: Consignee | C9: Date Loaded | D9: Loading Port | E9: Truck No. | F9: Trailer Reg. | G9: Transporter | H9: Driver Name | I9: Destination | J9: Product | K9: Arrival Date at Offloading | L9: Offloaded Date | M9: Total Waiting Days | N9: Laytime Used (days) | O9: Sanity Check | P9: Total Demurrage to Invoice (USD)
A10: =$O$5 -> 0 | B10: =IFERROR(_xlfn.XLOOKUP($O$5,DealsMaster[Deal No.],DealsMaster[Consignee]),"") | D10: =IFERROR(_xlfn.XLOOKUP($O$5,DealsMaster[Deal No.],DealsMaster[Loading Port]),"") | I10: =IFERROR(_xlfn.XLOOKUP($O$5,DealsMaster[Deal No.],DealsMaster[Destination]),"") | J10: =IFERROR(_xlfn.XLOOKUP($O$5,DealsMaster[Deal No.],DealsMaster[Product]),"") | M10: =IF(OR(K10="",L10=""),"",L10-K10) | N10: =$O$6 -> 0 | O10: =IF(AND(C10<>"",K10<>"",K10<C10),"⚠ Arrival < Loaded",IF(AND(K10<>"",L10<>"",L10<K10),"⚠ Offloaded < Arrival",IF(M10="","",IF(M10>N10,"DEMURRAGE","OK")))) | P10: =IF(M10="","",MAX(0,M10-N10)*$O$7)
A11: =$O$5 -> 0 | B11: =IFERROR(_xlfn.XLOOKUP($O$5,DealsMaster[Deal No.],DealsMaster[Consignee]),"") | D11: =IFERROR(_xlfn.XLOOKUP($O$5,DealsMaster[Deal No.],DealsMaster[Loading Port]),"") | I11: =IFERROR(_xlfn.XLOOKUP($O$5,DealsMaster[Deal No.],DealsMaster[Destination]),"") | J11: =IFERROR(_xlfn.XLOOKUP($O$5,DealsMaster[Deal No.],DealsMaster[Product]),"") | M11: =IF(OR(K11="",L11=""),"",L11-K11) | N11: =$O$6 -> 0 | O11: =IF(AND(C11<>"",K11<>"",K11<C11),"⚠ Arrival < Loaded",IF(AND(K11<>"",L11<>"",L11<K11),"⚠ Offloaded < Arrival",IF(M11="","",IF(M11>N11,"DEMURRAGE","OK")))) | P11: =IF(M11="","",MAX(0,M11-N11)*$O$7)
A12: =$O$5 -> 0 | B12: =IFERROR(_xlfn.XLOOKUP($O$5,DealsMaster[Deal No.],DealsMaster[Consignee]),"") | D12: =IFERROR(_xlfn.XLOOKUP($O$5,DealsMaster[Deal No.],DealsMaster[Loading Port]),"") | I12: =IFERROR(_xlfn.XLOOKUP($O$5,DealsMaster[Deal No.],DealsMaster[Destination]),"") | J12: =IFERROR(_xlfn.XLOOKUP($O$5,DealsMaster[Deal No.],DealsMaster[Product]),"") | M12: =IF(OR(K12="",L12=""),"",L12-K12) | N12: =$O$6 -> 0 | O12: =IF(AND(C12<>"",K12<>"",K12<C12),"⚠ Arrival < Loaded",IF(AND(K12<>"",L12<>"",L12<K12),"⚠ Offloaded < Arrival",IF(M12="","",IF(M12>N12,"DEMURRAGE","OK")))) | P12: =IF(M12="","",MAX(0,M12-N12)*$O$7)
A13: =$O$5 -> 0 | B13: =IFERROR(_xlfn.XLOOKUP($O$5,DealsMaster[Deal No.],DealsMaster[Consignee]),"") | D13: =IFERROR(_xlfn.XLOOKUP($O$5,DealsMaster[Deal No.],DealsMaster[Loading Port]),"") | I13: =IFERROR(_xlfn.XLOOKUP($O$5,DealsMaster[Deal No.],DealsMaster[Destination]),"") | J13: =IFERROR(_xlfn.XLOOKUP($O$5,DealsMaster[Deal No.],DealsMaster[Product]),"") | M13: =IF(OR(K13="",L13=""),"",L13-K13) | N13: =$O$6 -> 0 | O13: =IF(AND(C13<>"",K13<>"",K13<C13),"⚠ Arrival < Loaded",IF(AND(K13<>"",L13<>"",L13<K13),"⚠ Offloaded < Arrival",IF(M13="","",IF(M13>N13,"DEMURRAGE","OK")))) | P13: =IF(M13="","",MAX(0,M13-N13)*$O$7)
A14: =$O$5 -> 0 | B14: =IFERROR(_xlfn.XLOOKUP($O$5,DealsMaster[Deal No.],DealsMaster[Consignee]),"") | D14: =IFERROR(_xlfn.XLOOKUP($O$5,DealsMaster[Deal No.],DealsMaster[Loading Port]),"") | I14: =IFERROR(_xlfn.XLOOKUP($O$5,DealsMaster[Deal No.],DealsMaster[Destination]),"") | J14: =IFERROR(_xlfn.XLOOKUP($O$5,DealsMaster[Deal No.],DealsMaster[Product]),"") | M14: =IF(OR(K14="",L14=""),"",L14-K14) | N14: =$O$6 -> 0 | O14: =IF(AND(C14<>"",K14<>"",K14<C14),"⚠ Arrival < Loaded",IF(AND(K14<>"",L14<>"",L14<K14),"⚠ Offloaded < Arrival",IF(M14="","",IF(M14>N14,"DEMURRAGE","OK")))) | P14: =IF(M14="","",MAX(0,M14-N14)*$O$7)
A15: =$O$5 -> 0 | B15: =IFERROR(_xlfn.XLOOKUP($O$5,DealsMaster[Deal No.],DealsMaster[Consignee]),"") | D15: =IFERROR(_xlfn.XLOOKUP($O$5,DealsMaster[Deal No.],DealsMaster[Loading Port]),"") | I15: =IFERROR(_xlfn.XLOOKUP($O$5,DealsMaster[Deal No.],DealsMaster[Destination]),"") | J15: =IFERROR(_xlfn.XLOOKUP($O$5,DealsMaster[Deal No.],DealsMaster[Product]),"") | M15: =IF(OR(K15="",L15=""),"",L15-K15) | N15: =$O$6 -> 0 | O15: =IF(AND(C15<>"",K15<>"",K15<C15),"⚠ Arrival < Loaded",IF(AND(K15<>"",L15<>"",L15<K15),"⚠ Offloaded < Arrival",IF(M15="","",IF(M15>N15,"DEMURRAGE","OK")))) | P15: =IF(M15="","",MAX(0,M15-N15)*$O$7)
A16: =$O$5 -> 0 | B16: =IFERROR(_xlfn.XLOOKUP($O$5,DealsMaster[Deal No.],DealsMaster[Consignee]),"") | D16: =IFERROR(_xlfn.XLOOKUP($O$5,DealsMaster[Deal No.],DealsMaster[Loading Port]),"") | I16: =IFERROR(_xlfn.XLOOKUP($O$5,DealsMaster[Deal No.],DealsMaster[Destination]),"") | J16: =IFERROR(_xlfn.XLOOKUP($O$5,DealsMaster[Deal No.],DealsMaster[Product]),"") | M16: =IF(OR(K16="",L16=""),"",L16-K16) | N16: =$O$6 -> 0 | O16: =IF(AND(C16<>"",K16<>"",K16<C16),"⚠ Arrival < Loaded",IF(AND(K16<>"",L16<>"",L16<K16),"⚠ Offloaded < Arrival",IF(M16="","",IF(M16>N16,"DEMURRAGE","OK")))) | P16: =IF(M16="","",MAX(0,M16-N16)*$O$7)
A17: =$O$5 -> 0 | B17: =IFERROR(_xlfn.XLOOKUP($O$5,DealsMaster[Deal No.],DealsMaster[Consignee]),"") | D17: =IFERROR(_xlfn.XLOOKUP($O$5,DealsMaster[Deal No.],DealsMaster[Loading Port]),"") | I17: =IFERROR(_xlfn.XLOOKUP($O$5,DealsMaster[Deal No.],DealsMaster[Destination]),"") | J17: =IFERROR(_xlfn.XLOOKUP($O$5,DealsMaster[Deal No.],DealsMaster[Product]),"") | M17: =IF(OR(K17="",L17=""),"",L17-K17) | N17: =$O$6 -> 0 | O17: =IF(AND(C17<>"",K17<>"",K17<C17),"⚠ Arrival < Loaded",IF(AND(K17<>"",L17<>"",L17<K17),"⚠ Offloaded < Arrival",IF(M17="","",IF(M17>N17,"DEMURRAGE","OK")))) | P17: =IF(M17="","",MAX(0,M17-N17)*$O$7)
A18: =$O$5 -> 0 | B18: =IFERROR(_xlfn.XLOOKUP($O$5,DealsMaster[Deal No.],DealsMaster[Consignee]),"") | D18: =IFERROR(_xlfn.XLOOKUP($O$5,DealsMaster[Deal No.],DealsMaster[Loading Port]),"") | I18: =IFERROR(_xlfn.XLOOKUP($O$5,DealsMaster[Deal No.],DealsMaster[Destination]),"") | J18: =IFERROR(_xlfn.XLOOKUP($O$5,DealsMaster[Deal No.],DealsMaster[Product]),"") | M18: =IF(OR(K18="",L18=""),"",L18-K18) | N18: =$O$6 -> 0 | O18: =IF(AND(C18<>"",K18<>"",K18<C18),"⚠ Arrival < Loaded",IF(AND(K18<>"",L18<>"",L18<K18),"⚠ Offloaded < Arrival",IF(M18="","",IF(M18>N18,"DEMURRAGE","OK")))) | P18: =IF(M18="","",MAX(0,M18-N18)*$O$7)
A19: =$O$5 -> 0 | B19: =IFERROR(_xlfn.XLOOKUP($O$5,DealsMaster[Deal No.],DealsMaster[Consignee]),"") | D19: =IFERROR(_xlfn.XLOOKUP($O$5,DealsMaster[Deal No.],DealsMaster[Loading Port]),"") | I19: =IFERROR(_xlfn.XLOOKUP($O$5,DealsMaster[Deal No.],DealsMaster[Destination]),"") | J19: =IFERROR(_xlfn.XLOOKUP($O$5,DealsMaster[Deal No.],DealsMaster[Product]),"") | M19: =IF(OR(K19="",L19=""),"",L19-K19) | N19: =$O$6 -> 0 | O19: =IF(AND(C19<>"",K19<>"",K19<C19),"⚠ Arrival < Loaded",IF(AND(K19<>"",L19<>"",L19<K19),"⚠ Offloaded < Arrival",IF(M19="","",IF(M19>N19,"DEMURRAGE","OK")))) | P19: =IF(M19="","",MAX(0,M19-N19)*$O$7)
A20: =$O$5 -> 0 | B20: =IFERROR(_xlfn.XLOOKUP($O$5,DealsMaster[Deal No.],DealsMaster[Consignee]),"") | D20: =IFERROR(_xlfn.XLOOKUP($O$5,DealsMaster[Deal No.],DealsMaster[Loading Port]),"") | I20: =IFERROR(_xlfn.XLOOKUP($O$5,DealsMaster[Deal No.],DealsMaster[Destination]),"") | J20: =IFERROR(_xlfn.XLOOKUP($O$5,DealsMaster[Deal No.],DealsMaster[Product]),"") | M20: =IF(OR(K20="",L20=""),"",L20-K20) | N20: =$O$6 -> 0 | O20: =IF(AND(C20<>"",K20<>"",K20<C20),"⚠ Arrival < Loaded",IF(AND(K20<>"",L20<>"",L20<K20),"⚠ Offloaded < Arrival",IF(M20="","",IF(M20>N20,"DEMURRAGE","OK")))) | P20: =IF(M20="","",MAX(0,M20-N20)*$O$7)
A21: =$O$5 -> 0 | B21: =IFERROR(_xlfn.XLOOKUP($O$5,DealsMaster[Deal No.],DealsMaster[Consignee]),"") | D21: =IFERROR(_xlfn.XLOOKUP($O$5,DealsMaster[Deal No.],DealsMaster[Loading Port]),"") | I21: =IFERROR(_xlfn.XLOOKUP($O$5,DealsMaster[Deal No.],DealsMaster[Destination]),"") | J21: =IFERROR(_xlfn.XLOOKUP($O$5,DealsMaster[Deal No.],DealsMaster[Product]),"") | M21: =IF(OR(K21="",L21=""),"",L21-K21) | N21: =$O$6 -> 0 | O21: =IF(AND(C21<>"",K21<>"",K21<C21),"⚠ Arrival < Loaded",IF(AND(K21<>"",L21<>"",L21<K21),"⚠ Offloaded < Arrival",IF(M21="","",IF(M21>N21,"DEMURRAGE","OK")))) | P21: =IF(M21="","",MAX(0,M21-N21)*$O$7)
... A30: =$O$5 -> 0 | B30: =IFERROR(_xlfn.XLOOKUP($O$5,DealsMaster[Deal No.],DealsMaster[Consignee]),"") | D30: =IFERROR(_xlfn.XLOOKUP($O$5,DealsMaster[Deal No.],DealsMaster[Loading Port]),"") | I30: =IFERROR(_xlfn.XLOOKUP($O$5,DealsMaster[Deal No.],DealsMaster[Destination]),"") | J30: =IFERROR(_xlfn.XLOOKUP($O$5,DealsMaster[Deal No.],DealsMaster[Product]),"") | M30: =IF(OR(K30="",L30=""),"",L30-K30) | N30: =$O$6 -> 0 | O30: =IF(AND(C30<>"",K30<>"",K30<C30),"⚠ Arrival < Loaded",IF(AND(K30<>"",L30<>"",L30<K30),"⚠ Offloaded < Arrival",IF(M30="","",IF(M30>N30,"DEMURRAGE","OK")))) | P30: =IF(M30="","",MAX(0,M30-N30)*$O$7)
A31: TOTAL | P31: =SUBTOTAL(109,P10:P22) -> 0
